"","name","team_name","game_date","season","period","minutes_remaining","seconds_remaining","shot_made_flag","action_type","shot_type","shot_distance","opponent","x","y","minute"
"1","Draymond Green","Golden State Warriors","3/5/2017",2016,3,7,50,"shot_yes","Alley Oop Layup shot","2PT Field Goal",1,"New York Knicks",17,2,29
"2","Draymond Green","Golden State Warriors","12/30/2016",2016,3,7,48,"shot_yes","Alley Oop Layup shot","2PT Field Goal",1,"Dallas Mavericks",9,7,29
"3","Draymond Green","Golden State Warriors","1/16/2017",2016,1,9,6,"shot_yes","Alley Oop Layup shot","2PT Field Goal",1,"Cleveland Cavaliers",4,11,3
"4","Draymond Green","Golden State Warriors","12/7/2016",2016,2,0,43,"shot_yes","Cutting Dunk Shot","2PT Field Goal",0,"Los Angeles Clippers",0,1,24
"5","Draymond Green","Golden State Warriors","11/19/2016",2016,1,8,43,"shot_yes","Cutting Dunk Shot","2PT Field Goal",0,"Milwaukee Bucks",0,1,4
"6","Draymond Green","Golden State Warriors","1/22/2017",2016,3,9,27,"shot_yes","Cutting Dunk Shot","2PT Field Goal",0,"Orlando Magic",0,1,27
"7","Draymond Green","Golden State Warriors","11/4/2016",2016,4,6,6,"shot_yes","Cutting Dunk Shot","2PT Field Goal",0,"Los Angeles Lakers",0,1,42
"8","Draymond Green","Golden State Warriors","3/16/2017",2016,3,1,20,"shot_yes","Cutting Dunk Shot","2PT Field Goal",0,"Orlando Magic",0,1,35
"9","Draymond Green","Golden State Warriors","2/4/2017",2016,4,0,57,"shot_yes","Cutting Dunk Shot","2PT Field Goal",0,"Sacramento Kings",0,1,48
"10","Draymond Green","Golden State Warriors","12/20/2016",2016,3,3,22,"shot_yes","Cutting Dunk Shot","2PT Field Goal",0,"Utah Jazz",0,1,33
"11","Draymond Green","Golden State Warriors","1/2/2017",2016,1,10,50,"shot_yes","Cutting Dunk Shot","2PT Field Goal",0,"Denver Nuggets",0,1,2
"12","Draymond Green","Golden State Warriors","12/25/2016",2016,4,1,31,"shot_yes","Cutting Dunk Shot","2PT Field Goal",0,"Cleveland Cavaliers",0,1,47
"13","Draymond Green","Golden State Warriors","11/21/2016",2016,1,8,13,"shot_yes","Cutting Dunk Shot","2PT Field Goal",0,"Indiana Pacers",0,1,4
"14","Draymond Green","Golden State Warriors","1/20/2017",2016,2,2,22,"shot_yes","Cutting Dunk Shot","2PT Field Goal",0,"Houston Rockets",0,1,22
"15","Draymond Green","Golden State Warriors","2/27/2017",2016,1,5,36,"shot_yes","Cutting Dunk Shot","2PT Field Goal",0,"Philadelphia 76ers",0,1,7
"16","Draymond Green","Golden State Warriors","11/16/2016",2016,2,3,43,"shot_yes","Cutting Dunk Shot","2PT Field Goal",0,"Toronto Raptors",0,1,21
"17","Draymond Green","Golden State Warriors","2/27/2017",2016,4,4,21,"shot_yes","Cutting Dunk Shot","2PT Field Goal",0,"Philadelphia 76ers",0,1,44
"18","Draymond Green","Golden State Warriors","11/9/2016",2016,4,8,48,"shot_yes","Cutting Dunk Shot","2PT Field Goal",0,"Dallas Mavericks",0,1,40
"19","Draymond Green","Golden State Warriors","12/7/2016",2016,1,6,31,"shot_yes","Cutting Dunk Shot","2PT Field Goal",0,"Los Angeles Clippers",0,1,6
"20","Draymond Green","Golden State Warriors","3/28/2017",2016,1,9,6,"shot_yes","Cutting Dunk Shot","2PT Field Goal",0,"Houston Rockets",0,1,3
"21","Draymond Green","Golden State Warriors","3/20/2017",2016,3,9,8,"shot_no","Cutting Dunk Shot","2PT Field Goal",0,"Oklahoma City Thunder",0,1,27
"22","Draymond Green","Golden State Warriors","3/18/2017",2016,1,1,7,"shot_yes","Cutting Dunk Shot","2PT Field Goal",0,"Milwaukee Bucks",0,1,11
"23","Draymond Green","Golden State Warriors","11/19/2016",2016,1,8,19,"shot_yes","Cutting Dunk Shot","2PT Field Goal",0,"Milwaukee Bucks",0,1,4
"24","Draymond Green","Golden State Warriors","10/30/2016",2016,1,1,58,"shot_yes","Cutting Dunk Shot","2PT Field Goal",0,"Phoenix Suns",0,1,11
"25","Draymond Green","Golden State Warriors","3/21/2017",2016,2,3,24,"shot_yes","Cutting Dunk Shot","2PT Field Goal",0,"Dallas Mavericks",0,1,21
"26","Draymond Green","Golden State Warriors","12/25/2016",2016,2,8,48,"shot_yes","Cutting Layup Shot","2PT Field Goal",0,"Cleveland Cavaliers",-6,7,16
"27","Draymond Green","Golden State Warriors","1/25/2017",2016,3,6,54,"shot_yes","Cutting Layup Shot","2PT Field Goal",1,"Charlotte Hornets",-17,2,30
"28","Draymond Green","Golden State Warriors","11/13/2016",2016,4,2,39,"shot_yes","Cutting Layup Shot","2PT Field Goal",0,"Phoenix Suns",1,8,46
"29","Draymond Green","Golden State Warriors","10/25/2016",2016,1,9,28,"shot_no","Cutting Layup Shot","2PT Field Goal",1,"San Antonio Spurs",-19,3,3
"30","Draymond Green","Golden State Warriors","12/15/2016",2016,3,9,39,"shot_yes","Cutting Layup Shot","2PT Field Goal",1,"New York Knicks",0,13,27
"31","Draymond Green","Golden State Warriors","1/29/2017",2016,1,6,16,"shot_yes","Cutting Layup Shot","2PT Field Goal",1,"Portland Trail Blazers",-15,-1,6
"32","Draymond Green","Golden State Warriors","1/2/2017",2016,4,0,53,"shot_yes","Cutting Layup Shot","2PT Field Goal",2,"Denver Nuggets",6,21,48
"33","Draymond Green","Golden State Warriors","12/28/2016",2016,3,7,14,"shot_yes","Cutting Layup Shot","2PT Field Goal",0,"Toronto Raptors",4,8,29
"34","Draymond Green","Golden State Warriors","2/11/2017",2016,2,10,37,"shot_yes","Cutting Layup Shot","2PT Field Goal",1,"Oklahoma City Thunder",-19,-6,14
"35","Draymond Green","Golden State Warriors","11/9/2016",2016,1,2,15,"shot_yes","Cutting Layup Shot","2PT Field Goal",1,"Dallas Mavericks",1,11,10
"36","Draymond Green","Golden State Warriors","2/10/2017",2016,2,3,16,"shot_yes","Cutting Layup Shot","2PT Field Goal",0,"Memphis Grizzlies",-9,2,21
"37","Draymond Green","Golden State Warriors","10/25/2016",2016,2,6,14,"shot_yes","Cutting Layup Shot","2PT Field Goal",1,"San Antonio Spurs",4,16,18
"38","Draymond Green","Golden State Warriors","11/25/2016",2016,1,4,14,"shot_yes","Cutting Layup Shot","2PT Field Goal",2,"Los Angeles Lakers",-21,-2,8
"39","Draymond Green","Golden State Warriors","12/28/2016",2016,2,4,16,"shot_yes","Cutting Layup Shot","2PT Field Goal",0,"Toronto Raptors",-6,7,20
"40","Draymond Green","Golden State Warriors","12/7/2016",2016,3,11,38,"shot_yes","Cutting Layup Shot","2PT Field Goal",2,"Los Angeles Clippers",12,16,25
"41","Draymond Green","Golden State Warriors","11/25/2016",2016,2,6,17,"shot_no","Cutting Layup Shot","2PT Field Goal",2,"Los Angeles Lakers",1,21,18
"42","Draymond Green","Golden State Warriors","1/18/2017",2016,1,7,54,"shot_no","Cutting Layup Shot","2PT Field Goal",2,"Oklahoma City Thunder",-16,21,5
"43","Draymond Green","Golden State Warriors","12/5/2016",2016,3,3,40,"shot_yes","Cutting Layup Shot","2PT Field Goal",1,"Indiana Pacers",-2,13,33
"44","Draymond Green","Golden State Warriors","11/7/2016",2016,1,4,1,"shot_yes","Cutting Layup Shot","2PT Field Goal",1,"New Orleans Pelicans",1,16,8
"45","Draymond Green","Golden State Warriors","12/1/2016",2016,1,5,41,"shot_yes","Cutting Layup Shot","2PT Field Goal",1,"Houston Rockets",-7,13,7
"46","Draymond Green","Golden State Warriors","2/1/2017",2016,4,10,36,"shot_no","Driving Bank Hook Shot","2PT Field Goal",7,"Charlotte Hornets",64,38,38
"47","Draymond Green","Golden State Warriors","11/13/2016",2016,1,3,52,"shot_no","Driving Bank shot","2PT Field Goal",6,"Phoenix Suns",53,43,9
"48","Draymond Green","Golden State Warriors","12/20/2016",2016,1,6,47,"shot_no","Driving Bank shot","2PT Field Goal",10,"Utah Jazz",92,46,6
"49","Draymond Green","Golden State Warriors","3/31/2017",2016,2,3,5,"shot_yes","Driving Bank shot","2PT Field Goal",4,"Houston Rockets",-9,46,21
"50","Draymond Green","Golden State Warriors","12/30/2016",2016,1,5,57,"shot_yes","Driving Bank shot","2PT Field Goal",3,"Dallas Mavericks",-9,31,7
"51","Draymond Green","Golden State Warriors","11/7/2016",2016,4,5,17,"shot_yes","Driving Bank shot","2PT Field Goal",7,"New Orleans Pelicans",12,77,43
"52","Draymond Green","Golden State Warriors","4/4/2017",2016,2,4,56,"shot_yes","Driving Dunk Shot","2PT Field Goal",0,"Minnesota Timberwolves",0,1,20
"53","Draymond Green","Golden State Warriors","2/28/2017",2016,2,4,16,"shot_yes","Driving Dunk Shot","2PT Field Goal",0,"Washington Wizards",0,1,20
"54","Draymond Green","Golden State Warriors","1/2/2017",2016,2,3,42,"shot_yes","Driving Dunk Shot","2PT Field Goal",0,"Denver Nuggets",0,1,21
"55","Draymond Green","Golden State Warriors","12/1/2016",2016,4,4,7,"shot_yes","Driving Dunk Shot","2PT Field Goal",0,"Houston Rockets",0,1,44
"56","Draymond Green","Golden State Warriors","2/11/2017",2016,4,10,15,"shot_no","Driving Dunk Shot","2PT Field Goal",0,"Oklahoma City Thunder",0,1,38
"57","Draymond Green","Golden State Warriors","2/10/2017",2016,4,10,11,"shot_no","Driving Dunk Shot","2PT Field Goal",0,"Memphis Grizzlies",4,2,38
"58","Draymond Green","Golden State Warriors","3/18/2017",2016,2,4,43,"shot_yes","Driving Dunk Shot","2PT Field Goal",0,"Milwaukee Bucks",0,1,20
"59","Draymond Green","Golden State Warriors","2/8/2017",2016,2,0,8,"shot_yes","Driving Dunk Shot","2PT Field Goal",0,"Chicago Bulls",0,1,24
"60","Draymond Green","Golden State Warriors","3/16/2017",2016,2,8,57,"shot_yes","Driving Dunk Shot","2PT Field Goal",0,"Orlando Magic",0,1,16
"61","Draymond Green","Golden State Warriors","3/31/2017",2016,1,7,7,"shot_yes","Driving Dunk Shot","2PT Field Goal",0,"Houston Rockets",0,1,5
"62","Draymond Green","Golden State Warriors","2/27/2017",2016,3,11,44,"shot_no","Driving Dunk Shot","2PT Field Goal",0,"Philadelphia 76ers",0,1,25
"63","Draymond Green","Golden State Warriors","2/23/2017",2016,4,11,43,"shot_yes","Driving Dunk Shot","2PT Field Goal",0,"Los Angeles Clippers",0,1,37
"64","Draymond Green","Golden State Warriors","11/28/2016",2016,1,5,32,"shot_yes","Driving Dunk Shot","2PT Field Goal",0,"Atlanta Hawks",0,1,7
"65","Draymond Green","Golden State Warriors","12/25/2016",2016,3,2,59,"shot_yes","Driving Dunk Shot","2PT Field Goal",0,"Cleveland Cavaliers",0,1,34
"66","Draymond Green","Golden State Warriors","1/18/2017",2016,4,3,20,"shot_yes","Driving Dunk Shot","2PT Field Goal",0,"Oklahoma City Thunder",0,1,45
"67","Draymond Green","Golden State Warriors","1/16/2017",2016,4,6,59,"shot_no","Driving Dunk Shot","2PT Field Goal",0,"Cleveland Cavaliers",0,1,42
"68","Draymond Green","Golden State Warriors","12/30/2016",2016,3,5,17,"shot_yes","Driving Dunk Shot","2PT Field Goal",0,"Dallas Mavericks",0,1,31
"69","Draymond Green","Golden State Warriors","3/29/2017",2016,1,11,21,"shot_no","Driving Finger Roll Layup Shot","2PT Field Goal",0,"San Antonio Spurs",6,-1,1
"70","Draymond Green","Golden State Warriors","4/4/2017",2016,2,0,48,"shot_yes","Driving Finger Roll Layup Shot","2PT Field Goal",2,"Minnesota Timberwolves",-7,21,24
"71","Draymond Green","Golden State Warriors","2/28/2017",2016,3,10,29,"shot_yes","Driving Finger Roll Layup Shot","2PT Field Goal",0,"Washington Wizards",6,2,26
"72","Draymond Green","Golden State Warriors","11/7/2016",2016,1,11,45,"shot_no","Driving Floating Jump Shot","2PT Field Goal",3,"New Orleans Pelicans",22,31,1
"73","Draymond Green","Golden State Warriors","11/16/2016",2016,1,10,11,"shot_yes","Driving Floating Jump Shot","2PT Field Goal",4,"Toronto Raptors",32,38,2
"74","Draymond Green","Golden State Warriors","10/30/2016",2016,2,2,2,"shot_no","Driving Floating Jump Shot","2PT Field Goal",5,"Phoenix Suns",42,36,22
"75","Draymond Green","Golden State Warriors","3/28/2017",2016,4,4,11,"shot_yes","Driving Floating Jump Shot","2PT Field Goal",9,"Houston Rockets",19,90,44
"76","Draymond Green","Golden State Warriors","3/2/2017",2016,3,6,57,"shot_yes","Driving Floating Jump Shot","2PT Field Goal",11,"Chicago Bulls",19,111,30
"77","Draymond Green","Golden State Warriors","2/11/2017",2016,3,0,25,"shot_no","Driving Floating Jump Shot","2PT Field Goal",7,"Oklahoma City Thunder",-9,70,36
"78","Draymond Green","Golden State Warriors","11/18/2016",2016,3,4,18,"shot_no","Driving Floating Jump Shot","2PT Field Goal",12,"Boston Celtics",-119,21,32
"79","Draymond Green","Golden State Warriors","12/15/2016",2016,3,7,58,"shot_no","Driving Floating Jump Shot","2PT Field Goal",5,"New York Knicks",-11,56,29
"80","Draymond Green","Golden State Warriors","4/4/2017",2016,1,6,12,"shot_no","Driving Floating Jump Shot","2PT Field Goal",6,"Minnesota Timberwolves",-9,67,6
"81","Draymond Green","Golden State Warriors","11/16/2016",2016,4,2,50,"shot_no","Driving Floating Jump Shot","2PT Field Goal",5,"Toronto Raptors",-14,56,46
"82","Draymond Green","Golden State Warriors","11/13/2016",2016,1,4,17,"shot_yes","Driving Floating Jump Shot","2PT Field Goal",8,"Phoenix Suns",4,82,8
"83","Draymond Green","Golden State Warriors","10/30/2016",2016,4,8,17,"shot_no","Driving Floating Jump Shot","2PT Field Goal",5,"Phoenix Suns",10,51,40
"84","Draymond Green","Golden State Warriors","12/25/2016",2016,4,3,49,"shot_yes","Driving Floating Jump Shot","2PT Field Goal",7,"Cleveland Cavaliers",-58,41,45
"85","Draymond Green","Golden State Warriors","11/16/2016",2016,3,3,56,"shot_no","Driving Hook Shot","2PT Field Goal",5,"Toronto Raptors",-29,51,33
"86","Draymond Green","Golden State Warriors","11/10/2016",2016,3,0,44,"shot_no","Driving Hook Shot","2PT Field Goal",2,"Denver Nuggets",1,26,36
"87","Draymond Green","Golden State Warriors","3/16/2017",2016,2,0,26,"shot_yes","Driving Hook Shot","2PT Field Goal",8,"Orlando Magic",4,80,24
"88","Draymond Green","Golden State Warriors","3/24/2017",2016,3,11,34,"shot_yes","Driving Layup Shot","2PT Field Goal",2,"Sacramento Kings",-19,23,25
"89","Draymond Green","Golden State Warriors","12/1/2016",2016,1,6,5,"shot_yes","Driving Layup Shot","2PT Field Goal",2,"Houston Rockets",6,21,6
"90","Draymond Green","Golden State Warriors","1/16/2017",2016,2,11,34,"shot_yes","Driving Layup Shot","2PT Field Goal",1,"Cleveland Cavaliers",2,13,13
"91","Draymond Green","Golden State Warriors","3/18/2017",2016,4,5,47,"shot_no","Driving Layup Shot","2PT Field Goal",2,"Milwaukee Bucks",-12,21,43
"92","Draymond Green","Golden State Warriors","3/2/2017",2016,3,1,25,"shot_yes","Driving Layup Shot","2PT Field Goal",0,"Chicago Bulls",2,7,35
"93","Draymond Green","Golden State Warriors","2/11/2017",2016,2,2,29,"shot_no","Driving Layup Shot","2PT Field Goal",2,"Oklahoma City Thunder",28,3,22
"94","Draymond Green","Golden State Warriors","11/21/2016",2016,3,9,15,"shot_yes","Driving Layup Shot","2PT Field Goal",2,"Indiana Pacers",12,16,27
"95","Draymond Green","Golden State Warriors","3/2/2017",2016,1,0,56,"shot_no","Driving Layup Shot","2PT Field Goal",2,"Chicago Bulls",22,16,12
"96","Draymond Green","Golden State Warriors","2/11/2017",2016,4,4,44,"shot_no","Driving Layup Shot","2PT Field Goal",0,"Oklahoma City Thunder",1,-6,44
"97","Draymond Green","Golden State Warriors","2/13/2017",2016,2,8,53,"shot_no","Driving Layup Shot","2PT Field Goal",2,"Denver Nuggets",22,16,16
"98","Draymond Green","Golden State Warriors","3/6/2017",2016,1,9,57,"shot_yes","Driving Layup Shot","2PT Field Goal",2,"Atlanta Hawks",19,7,3
"99","Draymond Green","Golden State Warriors","10/25/2016",2016,1,2,58,"shot_yes","Driving Layup Shot","2PT Field Goal",1,"San Antonio Spurs",-16,11,10
"100","Draymond Green","Golden State Warriors","1/8/2017",2016,4,10,40,"shot_yes","Driving Layup Shot","2PT Field Goal",1,"Sacramento Kings",10,11,38
"101","Draymond Green","Golden State Warriors","3/28/2017",2016,3,10,52,"shot_yes","Driving Layup Shot","2PT Field Goal",2,"Houston Rockets",20,7,26
"102","Draymond Green","Golden State Warriors","1/6/2017",2016,4,6,47,"shot_no","Driving Layup Shot","2PT Field Goal",2,"Memphis Grizzlies",-17,21,42
"103","Draymond Green","Golden State Warriors","1/29/2017",2016,4,2,50,"shot_no","Driving Layup Shot","2PT Field Goal",2,"Portland Trail Blazers",25,13,46
"104","Draymond Green","Golden State Warriors","11/28/2016",2016,4,6,55,"shot_no","Driving Layup Shot","2PT Field Goal",1,"Atlanta Hawks",6,13,42
"105","Draymond Green","Golden State Warriors","2/1/2017",2016,2,1,47,"shot_yes","Driving Layup Shot","2PT Field Goal",1,"Charlotte Hornets",1,11,23
"106","Draymond Green","Golden State Warriors","12/8/2016",2016,1,9,37,"shot_no","Driving Layup Shot","2PT Field Goal",2,"Utah Jazz",27,7,3
"107","Draymond Green","Golden State Warriors","11/18/2016",2016,4,1,29,"shot_no","Driving Layup Shot","2PT Field Goal",1,"Boston Celtics",-14,11,47
"108","Draymond Green","Golden State Warriors","12/1/2016",2016,2,2,17,"shot_yes","Driving Layup Shot","2PT Field Goal",1,"Houston Rockets",10,7,22
"109","Draymond Green","Golden State Warriors","11/16/2016",2016,2,0,31,"shot_no","Driving Layup Shot","2PT Field Goal",2,"Toronto Raptors",-20,18,24
"110","Draymond Green","Golden State Warriors","3/14/2017",2016,4,3,7,"shot_no","Driving Layup Shot","2PT Field Goal",1,"Philadelphia 76ers",14,13,45
"111","Draymond Green","Golden State Warriors","11/4/2016",2016,4,6,35,"shot_no","Driving Layup Shot","2PT Field Goal",2,"Los Angeles Lakers",0,21,42
"112","Draymond Green","Golden State Warriors","12/8/2016",2016,3,4,27,"shot_no","Driving Layup Shot","2PT Field Goal",3,"Utah Jazz",32,8,32
"113","Draymond Green","Golden State Warriors","3/5/2017",2016,2,1,34,"shot_yes","Driving Layup Shot","2PT Field Goal",1,"New York Knicks",10,-1,23
"114","Draymond Green","Golden State Warriors","10/30/2016",2016,3,10,51,"shot_no","Driving Layup Shot","2PT Field Goal",1,"Phoenix Suns",4,16,26
"115","Draymond Green","Golden State Warriors","3/14/2017",2016,2,4,45,"shot_yes","Driving Layup Shot","2PT Field Goal",0,"Philadelphia 76ers",2,8,20
"116","Draymond Green","Golden State Warriors","1/20/2017",2016,3,11,51,"shot_yes","Driving Layup Shot","2PT Field Goal",3,"Houston Rockets",-38,11,25
"117","Draymond Green","Golden State Warriors","3/16/2017",2016,3,7,26,"shot_yes","Driving Layup Shot","2PT Field Goal",0,"Orlando Magic",1,3,29
"118","Draymond Green","Golden State Warriors","3/5/2017",2016,4,10,8,"shot_yes","Driving Layup Shot","2PT Field Goal",1,"New York Knicks",-19,3,38
"119","Draymond Green","Golden State Warriors","12/30/2016",2016,2,4,8,"shot_yes","Driving Layup Shot","2PT Field Goal",0,"Dallas Mavericks",4,3,20
"120","Draymond Green","Golden State Warriors","3/2/2017",2016,1,8,54,"shot_no","Driving Layup Shot","2PT Field Goal",2,"Chicago Bulls",-27,11,4
"121","Draymond Green","Golden State Warriors","12/23/2016",2016,4,1,31,"shot_yes","Dunk Shot","2PT Field Goal",0,"Detroit Pistons",0,1,47
"122","Draymond Green","Golden State Warriors","12/7/2016",2016,3,7,7,"shot_yes","Dunk Shot","2PT Field Goal",0,"Los Angeles Clippers",0,1,29
"123","Draymond Green","Golden State Warriors","2/4/2017",2016,4,11,23,"shot_yes","Dunk Shot","2PT Field Goal",0,"Sacramento Kings",0,1,37
"124","Draymond Green","Golden State Warriors","3/28/2017",2016,2,2,7,"shot_yes","Dunk Shot","2PT Field Goal",0,"Houston Rockets",0,1,22
"125","Draymond Green","Golden State Warriors","1/28/2017",2016,2,2,1,"shot_yes","Dunk Shot","2PT Field Goal",0,"Los Angeles Clippers",0,1,22
"126","Draymond Green","Golden State Warriors","12/25/2016",2016,4,6,31,"shot_yes","Dunk Shot","2PT Field Goal",0,"Cleveland Cavaliers",0,1,42
"127","Draymond Green","Golden State Warriors","1/18/2017",2016,3,9,57,"shot_yes","Dunk Shot","2PT Field Goal",0,"Oklahoma City Thunder",0,1,27
"128","Draymond Green","Golden State Warriors","11/25/2016",2016,3,7,16,"shot_yes","Dunk Shot","2PT Field Goal",0,"Los Angeles Lakers",0,1,29
"129","Draymond Green","Golden State Warriors","11/9/2016",2016,2,2,53,"shot_no","Fadeaway Bank shot","2PT Field Goal",14,"Dallas Mavericks",128,72,22
"130","Draymond Green","Golden State Warriors","1/20/2017",2016,4,11,26,"shot_no","Fadeaway Jump Shot","2PT Field Goal",10,"Houston Rockets",105,3,37
"131","Draymond Green","Golden State Warriors","2/25/2017",2016,3,11,44,"shot_no","Fadeaway Jump Shot","2PT Field Goal",17,"Brooklyn Nets",128,121,25
"132","Draymond Green","Golden State Warriors","2/23/2017",2016,1,11,9,"shot_no","Fadeaway Jump Shot","2PT Field Goal",8,"Los Angeles Clippers",-73,46,1
"133","Draymond Green","Golden State Warriors","11/4/2016",2016,2,5,22,"shot_yes","Finger Roll Layup Shot","2PT Field Goal",1,"Los Angeles Lakers",-15,1,19
"134","Draymond Green","Golden State Warriors","12/25/2016",2016,3,6,29,"shot_yes","Finger Roll Layup Shot","2PT Field Goal",0,"Cleveland Cavaliers",-4,-5,30
"135","Draymond Green","Golden State Warriors","12/20/2016",2016,2,4,40,"shot_yes","Floating Jump shot","2PT Field Goal",12,"Utah Jazz",2,120,20
"136","Draymond Green","Golden State Warriors","11/9/2016",2016,1,11,39,"shot_no","Floating Jump shot","2PT Field Goal",9,"Dallas Mavericks",-1,97,1
"137","Draymond Green","Golden State Warriors","1/28/2017",2016,2,10,35,"shot_no","Floating Jump shot","2PT Field Goal",10,"Los Angeles Clippers",6,105,14
"138","Draymond Green","Golden State Warriors","3/6/2017",2016,3,4,54,"shot_no","Floating Jump shot","2PT Field Goal",3,"Atlanta Hawks",33,13,32
"139","Draymond Green","Golden State Warriors","3/26/2017",2016,3,0,33,"shot_no","Floating Jump shot","2PT Field Goal",10,"Memphis Grizzlies",-91,51,36
"140","Draymond Green","Golden State Warriors","3/24/2017",2016,2,1,56,"shot_yes","Floating Jump shot","2PT Field Goal",6,"Sacramento Kings",2,65,23
"141","Draymond Green","Golden State Warriors","1/6/2017",2016,2,5,52,"shot_yes","Floating Jump shot","2PT Field Goal",12,"Memphis Grizzlies",91,90,19
"142","Draymond Green","Golden State Warriors","10/25/2016",2016,2,7,22,"shot_no","Floating Jump shot","2PT Field Goal",6,"San Antonio Spurs",-1,61,17
"143","Draymond Green","Golden State Warriors","11/28/2016",2016,3,6,33,"shot_no","Floating Jump shot","2PT Field Goal",4,"Atlanta Hawks",-1,47,30
"144","Draymond Green","Golden State Warriors","11/7/2016",2016,4,3,51,"shot_no","Floating Jump shot","2PT Field Goal",9,"New Orleans Pelicans",89,39,45
"145","Draymond Green","Golden State Warriors","11/16/2016",2016,4,4,1,"shot_no","Floating Jump shot","2PT Field Goal",6,"Toronto Raptors",9,61,44
"146","Draymond Green","Golden State Warriors","12/1/2016",2016,4,7,5,"shot_no","Floating Jump shot","2PT Field Goal",10,"Houston Rockets",-63,90,41
"147","Draymond Green","Golden State Warriors","3/31/2017",2016,1,6,16,"shot_no","Floating Jump shot","2PT Field Goal",12,"Houston Rockets",46,111,6
"148","Draymond Green","Golden State Warriors","3/20/2017",2016,1,11,9,"shot_no","Floating Jump shot","2PT Field Goal",15,"Oklahoma City Thunder",-155,-11,1
"149","Draymond Green","Golden State Warriors","11/13/2016",2016,1,6,37,"shot_no","Floating Jump shot","2PT Field Goal",14,"Phoenix Suns",2,144,6
"150","Draymond Green","Golden State Warriors","11/18/2016",2016,1,1,31,"shot_no","Floating Jump shot","2PT Field Goal",8,"Boston Celtics",-6,82,11
"151","Draymond Green","Golden State Warriors","11/4/2016",2016,2,5,54,"shot_yes","Hook Shot","2PT Field Goal",6,"Los Angeles Lakers",-59,32,19
"152","Draymond Green","Golden State Warriors","3/31/2017",2016,3,11,7,"shot_no","Jump Bank Shot","2PT Field Goal",3,"Houston Rockets",4,36,25
"153","Draymond Green","Golden State Warriors","12/3/2016",2016,1,9,30,"shot_yes","Jump Bank Shot","2PT Field Goal",10,"Phoenix Suns",-101,41,3
"154","Draymond Green","Golden State Warriors","11/16/2016",2016,4,6,23,"shot_no","Jump Bank Shot","3PT Field Goal",26,"Toronto Raptors",-2,262,42
"155","Draymond Green","Golden State Warriors","3/29/2017",2016,3,0,41,"shot_yes","Jump Bank Shot","2PT Field Goal",4,"San Antonio Spurs",-45,3,36
"156","Draymond Green","Golden State Warriors","2/27/2017",2016,4,6,26,"shot_yes","Jump Shot","3PT Field Goal",24,"Philadelphia 76ers",-241,-6,42
"157","Draymond Green","Golden State Warriors","3/31/2017",2016,4,1,37,"shot_no","Jump Shot","2PT Field Goal",10,"Houston Rockets",94,36,47
"158","Draymond Green","Golden State Warriors","3/31/2017",2016,1,3,5,"shot_no","Jump Shot","2PT Field Goal",17,"Houston Rockets",107,134,9
"159","Draymond Green","Golden State Warriors","3/31/2017",2016,4,4,51,"shot_no","Jump Shot","3PT Field Goal",26,"Houston Rockets",-27,262,44
"160","Draymond Green","Golden State Warriors","3/31/2017",2016,3,11,28,"shot_no","Jump Shot","3PT Field Goal",27,"Houston Rockets",69,262,25
"161","Draymond Green","Golden State Warriors","3/31/2017",2016,4,0,50,"shot_no","Jump Shot","2PT Field Goal",6,"Houston Rockets",-48,47,48
"162","Draymond Green","Golden State Warriors","3/31/2017",2016,3,0,33,"shot_no","Jump Shot","3PT Field Goal",26,"Houston Rockets",78,254,36
"163","Draymond Green","Golden State Warriors","3/29/2017",2016,1,8,11,"shot_no","Jump Shot","3PT Field Goal",25,"San Antonio Spurs",79,247,4
"164","Draymond Green","Golden State Warriors","3/28/2017",2016,4,1,12,"shot_no","Jump Shot","3PT Field Goal",24,"Houston Rockets",51,242,47
"165","Draymond Green","Golden State Warriors","3/28/2017",2016,3,4,1,"shot_no","Jump Shot","3PT Field Goal",24,"Houston Rockets",181,169,32
"166","Draymond Green","Golden State Warriors","3/28/2017",2016,1,1,36,"shot_no","Jump Shot","3PT Field Goal",24,"Houston Rockets",92,232,11
"167","Draymond Green","Golden State Warriors","3/28/2017",2016,2,5,59,"shot_no","Jump Shot","3PT Field Goal",24,"Houston Rockets",107,224,19
"168","Draymond Green","Golden State Warriors","3/28/2017",2016,2,0,3,"shot_no","Jump Shot","3PT Field Goal",34,"Houston Rockets",-78,331,24
"169","Draymond Green","Golden State Warriors","3/28/2017",2016,1,6,9,"shot_yes","Jump Shot","3PT Field Goal",25,"Houston Rockets",138,210,6
"170","Draymond Green","Golden State Warriors","3/28/2017",2016,4,2,14,"shot_yes","Jump Shot","2PT Field Goal",16,"Houston Rockets",-161,38,46
"171","Draymond Green","Golden State Warriors","3/26/2017",2016,1,8,20,"shot_no","Jump Shot","3PT Field Goal",26,"Memphis Grizzlies",-125,237,4
"172","Draymond Green","Golden State Warriors","3/26/2017",2016,4,1,17,"shot_no","Jump Shot","2PT Field Goal",5,"Memphis Grizzlies",37,41,47
"173","Draymond Green","Golden State Warriors","3/24/2017",2016,1,0,0,"shot_no","Jump Shot","2PT Field Goal",6,"Sacramento Kings",-11,65,12
"174","Draymond Green","Golden State Warriors","3/24/2017",2016,3,9,54,"shot_no","Jump Shot","3PT Field Goal",26,"Sacramento Kings",22,262,27
"175","Draymond Green","Golden State Warriors","3/24/2017",2016,4,7,13,"shot_no","Jump Shot","3PT Field Goal",27,"Sacramento Kings",-187,200,41
"176","Draymond Green","Golden State Warriors","3/24/2017",2016,1,10,24,"shot_no","Jump Shot","3PT Field Goal",25,"Sacramento Kings",-1,259,2
"177","Draymond Green","Golden State Warriors","3/24/2017",2016,3,0,6,"shot_no","Jump Shot","3PT Field Goal",25,"Sacramento Kings",-19,257,36
"178","Draymond Green","Golden State Warriors","3/21/2017",2016,1,1,54,"shot_yes","Jump Shot","3PT Field Goal",24,"Dallas Mavericks",66,232,11
"179","Draymond Green","Golden State Warriors","3/21/2017",2016,2,2,25,"shot_no","Jump Shot","2PT Field Goal",19,"Dallas Mavericks",97,164,22
"180","Draymond Green","Golden State Warriors","3/21/2017",2016,4,5,34,"shot_no","Jump Shot","3PT Field Goal",24,"Dallas Mavericks",20,242,43
"181","Draymond Green","Golden State Warriors","3/21/2017",2016,1,10,26,"shot_no","Jump Shot","3PT Field Goal",23,"Dallas Mavericks",-160,178,2
"182","Draymond Green","Golden State Warriors","3/21/2017",2016,3,9,24,"shot_no","Jump Shot","3PT Field Goal",23,"Dallas Mavericks",96,219,27
"183","Draymond Green","Golden State Warriors","3/20/2017",2016,1,8,49,"shot_no","Jump Shot","3PT Field Goal",24,"Oklahoma City Thunder",69,232,4
"184","Draymond Green","Golden State Warriors","3/18/2017",2016,1,6,20,"shot_no","Jump Shot","2PT Field Goal",12,"Milwaukee Bucks",-60,105,6
"185","Draymond Green","Golden State Warriors","3/18/2017",2016,1,8,19,"shot_no","Jump Shot","2PT Field Goal",10,"Milwaukee Bucks",42,92,4
"186","Draymond Green","Golden State Warriors","3/16/2017",2016,2,1,38,"shot_no","Jump Shot","3PT Field Goal",28,"Orlando Magic",-158,242,23
"187","Draymond Green","Golden State Warriors","3/16/2017",2016,1,9,44,"shot_no","Jump Shot","3PT Field Goal",26,"Orlando Magic",-192,188,3
"188","Draymond Green","Golden State Warriors","3/14/2017",2016,4,11,2,"shot_no","Jump Shot","2PT Field Goal",6,"Philadelphia 76ers",-9,67,37
"189","Draymond Green","Golden State Warriors","3/14/2017",2016,4,5,1,"shot_no","Jump Shot","2PT Field Goal",11,"Philadelphia 76ers",61,95,43
"190","Draymond Green","Golden State Warriors","3/14/2017",2016,1,7,46,"shot_no","Jump Shot","3PT Field Goal",26,"Philadelphia 76ers",-153,214,5
"191","Draymond Green","Golden State Warriors","3/14/2017",2016,3,1,13,"shot_no","Jump Shot","3PT Field Goal",25,"Philadelphia 76ers",-107,229,35
"192","Draymond Green","Golden State Warriors","3/6/2017",2016,4,11,12,"shot_no","Jump Shot","3PT Field Goal",25,"Atlanta Hawks",-143,213,37
"193","Draymond Green","Golden State Warriors","3/6/2017",2016,4,3,37,"shot_no","Jump Shot","3PT Field Goal",25,"Atlanta Hawks",25,252,45
"194","Draymond Green","Golden State Warriors","3/6/2017",2016,3,10,15,"shot_yes","Jump Shot","3PT Field Goal",24,"Atlanta Hawks",-14,242,26
"195","Draymond Green","Golden State Warriors","3/6/2017",2016,3,9,45,"shot_no","Jump Shot","3PT Field Goal",23,"Atlanta Hawks",32,237,27
"196","Draymond Green","Golden State Warriors","3/6/2017",2016,1,11,7,"shot_yes","Jump Shot","3PT Field Goal",24,"Atlanta Hawks",-17,247,1
"197","Draymond Green","Golden State Warriors","3/5/2017",2016,2,10,27,"shot_no","Jump Shot","3PT Field Goal",23,"New York Knicks",210,111,14
"198","Draymond Green","Golden State Warriors","3/5/2017",2016,4,8,23,"shot_no","Jump Shot","3PT Field Goal",24,"New York Knicks",76,229,40
"199","Draymond Green","Golden State Warriors","3/5/2017",2016,1,9,52,"shot_yes","Jump Shot","3PT Field Goal",23,"New York Knicks",-233,-31,3
"200","Draymond Green","Golden State Warriors","3/5/2017",2016,3,9,8,"shot_no","Jump Shot","3PT Field Goal",25,"New York Knicks",-176,178,27
"201","Draymond Green","Golden State Warriors","3/5/2017",2016,1,5,48,"shot_no","Jump Shot","2PT Field Goal",8,"New York Knicks",-60,67,7
"202","Draymond Green","Golden State Warriors","3/2/2017",2016,3,8,35,"shot_no","Jump Shot","3PT Field Goal",27,"Chicago Bulls",138,237,28
"203","Draymond Green","Golden State Warriors","3/2/2017",2016,4,2,34,"shot_no","Jump Shot","3PT Field Goal",25,"Chicago Bulls",141,213,46
"204","Draymond Green","Golden State Warriors","3/2/2017",2016,2,1,37,"shot_yes","Jump Shot","3PT Field Goal",24,"Chicago Bulls",-19,242,23
"205","Draymond Green","Golden State Warriors","3/2/2017",2016,3,9,36,"shot_yes","Jump Shot","3PT Field Goal",25,"Chicago Bulls",-37,252,27
"206","Draymond Green","Golden State Warriors","2/28/2017",2016,2,7,50,"shot_no","Jump Shot","3PT Field Goal",29,"Washington Wizards",-7,298,17
"207","Draymond Green","Golden State Warriors","2/28/2017",2016,3,10,38,"shot_no","Jump Shot","2PT Field Goal",19,"Washington Wizards",64,183,26
"208","Draymond Green","Golden State Warriors","2/28/2017",2016,4,1,4,"shot_yes","Jump Shot","3PT Field Goal",26,"Washington Wizards",112,244,47
"209","Draymond Green","Golden State Warriors","2/28/2017",2016,1,8,31,"shot_no","Jump Shot","2PT Field Goal",8,"Washington Wizards",78,41,4
"210","Draymond Green","Golden State Warriors","2/28/2017",2016,4,5,59,"shot_no","Jump Shot","2PT Field Goal",19,"Washington Wizards",74,180,43
"211","Draymond Green","Golden State Warriors","2/28/2017",2016,4,2,17,"shot_yes","Jump Shot","3PT Field Goal",23,"Washington Wizards",-232,26,46
"212","Draymond Green","Golden State Warriors","2/27/2017",2016,1,6,7,"shot_no","Jump Shot","3PT Field Goal",25,"Philadelphia 76ers",150,208,6
"213","Draymond Green","Golden State Warriors","2/27/2017",2016,4,9,30,"shot_no","Jump Shot","3PT Field Goal",25,"Philadelphia 76ers",-7,257,39
"214","Draymond Green","Golden State Warriors","4/4/2017",2016,1,9,35,"shot_no","Jump Shot","3PT Field Goal",25,"Minnesota Timberwolves",42,252,3
"215","Draymond Green","Golden State Warriors","2/27/2017",2016,2,5,33,"shot_no","Jump Shot","2PT Field Goal",4,"Philadelphia 76ers",-40,2,19
"216","Draymond Green","Golden State Warriors","2/25/2017",2016,1,1,16,"shot_no","Jump Shot","2PT Field Goal",6,"Brooklyn Nets",-45,41,11
"217","Draymond Green","Golden State Warriors","2/25/2017",2016,4,11,39,"shot_no","Jump Shot","2PT Field Goal",9,"Brooklyn Nets",-12,92,37
"218","Draymond Green","Golden State Warriors","2/25/2017",2016,3,5,45,"shot_no","Jump Shot","3PT Field Goal",25,"Brooklyn Nets",148,213,31
"219","Draymond Green","Golden State Warriors","2/25/2017",2016,1,7,18,"shot_no","Jump Shot","2PT Field Goal",5,"Brooklyn Nets",17,57,5
"220","Draymond Green","Golden State Warriors","2/25/2017",2016,1,0,0,"shot_no","Jump Shot","3PT Field Goal",22,"Brooklyn Nets",228,23,12
"221","Draymond Green","Golden State Warriors","2/15/2017",2016,2,11,43,"shot_no","Jump Shot","2PT Field Goal",7,"Sacramento Kings",-58,52,13
"222","Draymond Green","Golden State Warriors","2/15/2017",2016,1,0,38,"shot_no","Jump Shot","3PT Field Goal",23,"Sacramento Kings",232,11,12
"223","Draymond Green","Golden State Warriors","2/15/2017",2016,1,1,4,"shot_no","Jump Shot","3PT Field Goal",26,"Sacramento Kings",99,249,11
"224","Draymond Green","Golden State Warriors","2/13/2017",2016,1,6,18,"shot_no","Jump Shot","3PT Field Goal",24,"Denver Nuggets",-124,213,6
"225","Draymond Green","Golden State Warriors","2/13/2017",2016,1,9,31,"shot_no","Jump Shot","3PT Field Goal",24,"Denver Nuggets",-223,100,3
"226","Draymond Green","Golden State Warriors","2/11/2017",2016,1,9,16,"shot_no","Jump Shot","3PT Field Goal",25,"Oklahoma City Thunder",-122,223,3
"227","Draymond Green","Golden State Warriors","2/10/2017",2016,1,0,1,"shot_no","Jump Shot","3PT Field Goal",27,"Memphis Grizzlies",-129,242,12
"228","Draymond Green","Golden State Warriors","2/10/2017",2016,3,2,25,"shot_no","Jump Shot","3PT Field Goal",25,"Memphis Grizzlies",-45,252,34
"229","Draymond Green","Golden State Warriors","2/10/2017",2016,4,9,59,"shot_no","Jump Shot","3PT Field Goal",25,"Memphis Grizzlies",-88,242,39
"230","Draymond Green","Golden State Warriors","2/8/2017",2016,4,4,26,"shot_yes","Jump Shot","3PT Field Goal",27,"Chicago Bulls",-47,272,44
"231","Draymond Green","Golden State Warriors","2/8/2017",2016,4,10,36,"shot_no","Jump Shot","3PT Field Goal",23,"Chicago Bulls",-230,11,38
"232","Draymond Green","Golden State Warriors","2/8/2017",2016,1,10,34,"shot_no","Jump Shot","2PT Field Goal",21,"Chicago Bulls",162,136,2
"233","Draymond Green","Golden State Warriors","2/8/2017",2016,4,11,38,"shot_yes","Jump Shot","3PT Field Goal",27,"Chicago Bulls",-153,223,37
"234","Draymond Green","Golden State Warriors","2/8/2017",2016,2,6,52,"shot_yes","Jump Shot","3PT Field Goal",28,"Chicago Bulls",-37,278,18
"235","Draymond Green","Golden State Warriors","2/4/2017",2016,2,9,54,"shot_no","Jump Shot","3PT Field Goal",25,"Sacramento Kings",4,252,15
"236","Draymond Green","Golden State Warriors","2/4/2017",2016,1,6,31,"shot_no","Jump Shot","2PT Field Goal",3,"Sacramento Kings",25,23,6
"237","Draymond Green","Golden State Warriors","2/4/2017",2016,4,10,52,"shot_no","Jump Shot","3PT Field Goal",26,"Sacramento Kings",15,267,38
"238","Draymond Green","Golden State Warriors","2/4/2017",2016,2,11,19,"shot_no","Jump Shot","2PT Field Goal",3,"Sacramento Kings",33,2,13
"239","Draymond Green","Golden State Warriors","2/4/2017",2016,4,9,18,"shot_no","Jump Shot","2PT Field Goal",18,"Sacramento Kings",-119,139,39
"240","Draymond Green","Golden State Warriors","2/4/2017",2016,1,9,39,"shot_yes","Jump Shot","3PT Field Goal",25,"Sacramento Kings",-74,242,3
"241","Draymond Green","Golden State Warriors","2/4/2017",2016,1,6,10,"shot_yes","Jump Shot","3PT Field Goal",25,"Sacramento Kings",71,247,6
"242","Draymond Green","Golden State Warriors","2/4/2017",2016,3,5,44,"shot_yes","Jump Shot","3PT Field Goal",25,"Sacramento Kings",-130,214,31
"243","Draymond Green","Golden State Warriors","2/4/2017",2016,3,0,55,"shot_no","Jump Shot","3PT Field Goal",26,"Sacramento Kings",220,156,36
"244","Draymond Green","Golden State Warriors","2/4/2017",2016,1,0,0,"shot_no","Jump Shot","3PT Field Goal",27,"Sacramento Kings",73,262,12
"245","Draymond Green","Golden State Warriors","2/1/2017",2016,2,2,39,"shot_no","Jump Shot","2PT Field Goal",16,"Charlotte Hornets",-98,127,22
"246","Draymond Green","Golden State Warriors","2/1/2017",2016,3,7,6,"shot_no","Jump Shot","3PT Field Goal",26,"Charlotte Hornets",9,262,29
"247","Draymond Green","Golden State Warriors","2/1/2017",2016,3,4,26,"shot_no","Jump Shot","3PT Field Goal",26,"Charlotte Hornets",212,156,32
"248","Draymond Green","Golden State Warriors","2/1/2017",2016,2,9,38,"shot_no","Jump Shot","3PT Field Goal",26,"Charlotte Hornets",-176,198,15
"249","Draymond Green","Golden State Warriors","2/1/2017",2016,2,7,57,"shot_no","Jump Shot","3PT Field Goal",26,"Charlotte Hornets",-204,164,17
"250","Draymond Green","Golden State Warriors","2/1/2017",2016,2,7,10,"shot_no","Jump Shot","3PT Field Goal",27,"Charlotte Hornets",-129,242,17
"251","Draymond Green","Golden State Warriors","2/1/2017",2016,3,11,18,"shot_yes","Jump Shot","3PT Field Goal",23,"Charlotte Hornets",232,8,25
"252","Draymond Green","Golden State Warriors","1/29/2017",2016,1,0,49,"shot_yes","Jump Shot","3PT Field Goal",24,"Portland Trail Blazers",-99,223,12
"253","Draymond Green","Golden State Warriors","1/29/2017",2016,4,2,5,"shot_no","Jump Shot","3PT Field Goal",24,"Portland Trail Blazers",-47,237,46
"254","Draymond Green","Golden State Warriors","1/29/2017",2016,2,10,33,"shot_no","Jump Shot","3PT Field Goal",25,"Portland Trail Blazers",-153,198,14
"255","Draymond Green","Golden State Warriors","1/29/2017",2016,2,2,22,"shot_no","Jump Shot","3PT Field Goal",24,"Portland Trail Blazers",133,208,22
"256","Draymond Green","Golden State Warriors","1/29/2017",2016,3,8,39,"shot_no","Jump Shot","3PT Field Goal",25,"Portland Trail Blazers",-19,257,28
"257","Draymond Green","Golden State Warriors","1/28/2017",2016,3,10,20,"shot_no","Jump Shot","3PT Field Goal",24,"Los Angeles Clippers",48,244,26
"258","Draymond Green","Golden State Warriors","1/25/2017",2016,1,5,56,"shot_yes","Jump Shot","3PT Field Goal",24,"Charlotte Hornets",148,200,7
"259","Draymond Green","Golden State Warriors","1/25/2017",2016,3,9,59,"shot_no","Jump Shot","3PT Field Goal",28,"Charlotte Hornets",-81,272,27
"260","Draymond Green","Golden State Warriors","1/25/2017",2016,2,11,20,"shot_yes","Jump Shot","3PT Field Goal",24,"Charlotte Hornets",176,170,13
"261","Draymond Green","Golden State Warriors","1/22/2017",2016,4,9,37,"shot_no","Jump Shot","3PT Field Goal",25,"Orlando Magic",-22,257,39
"262","Draymond Green","Golden State Warriors","1/22/2017",2016,2,5,33,"shot_no","Jump Shot","3PT Field Goal",23,"Orlando Magic",-238,-1,19
"263","Draymond Green","Golden State Warriors","1/22/2017",2016,1,7,0,"shot_no","Jump Shot","3PT Field Goal",26,"Orlando Magic",-183,185,5
"264","Draymond Green","Golden State Warriors","1/22/2017",2016,3,0,0,"shot_no","Jump Shot","3PT Field Goal",23,"Orlando Magic",-237,31,36
"265","Draymond Green","Golden State Warriors","1/20/2017",2016,2,11,46,"shot_no","Jump Shot","2PT Field Goal",7,"Houston Rockets",32,65,13
"266","Draymond Green","Golden State Warriors","1/20/2017",2016,4,8,29,"shot_no","Jump Shot","2PT Field Goal",3,"Houston Rockets",1,36,40
"267","Draymond Green","Golden State Warriors","1/20/2017",2016,4,9,59,"shot_no","Jump Shot","3PT Field Goal",27,"Houston Rockets",79,259,39
"268","Draymond Green","Golden State Warriors","1/20/2017",2016,1,0,1,"shot_no","Jump Shot","3PT Field Goal",55,"Houston Rockets",-147,535,12
"269","Draymond Green","Golden State Warriors","1/20/2017",2016,2,6,50,"shot_yes","Jump Shot","3PT Field Goal",26,"Houston Rockets",-40,257,18
"270","Draymond Green","Golden State Warriors","1/20/2017",2016,3,7,37,"shot_yes","Jump Shot","3PT Field Goal",24,"Houston Rockets",-4,247,29
"271","Draymond Green","Golden State Warriors","1/20/2017",2016,1,8,44,"shot_yes","Jump Shot","3PT Field Goal",24,"Houston Rockets",143,203,4
"272","Draymond Green","Golden State Warriors","1/20/2017",2016,2,9,55,"shot_no","Jump Shot","2PT Field Goal",6,"Houston Rockets",-55,41,15
"273","Draymond Green","Golden State Warriors","1/18/2017",2016,3,8,29,"shot_no","Jump Shot","2PT Field Goal",3,"Oklahoma City Thunder",-2,36,28
"274","Draymond Green","Golden State Warriors","1/18/2017",2016,4,2,27,"shot_no","Jump Shot","3PT Field Goal",27,"Oklahoma City Thunder",132,237,46
"275","Draymond Green","Golden State Warriors","1/16/2017",2016,2,3,51,"shot_no","Jump Shot","2PT Field Goal",7,"Cleveland Cavaliers",-71,23,21
"276","Draymond Green","Golden State Warriors","1/16/2017",2016,2,10,41,"shot_yes","Jump Shot","2PT Field Goal",17,"Cleveland Cavaliers",-30,170,14
"277","Draymond Green","Golden State Warriors","1/8/2017",2016,1,7,41,"shot_no","Jump Shot","3PT Field Goal",24,"Sacramento Kings",69,237,5
"278","Draymond Green","Golden State Warriors","1/8/2017",2016,2,0,20,"shot_no","Jump Shot","3PT Field Goal",23,"Sacramento Kings",238,26,24
"279","Draymond Green","Golden State Warriors","1/8/2017",2016,4,1,10,"shot_no","Jump Shot","3PT Field Goal",25,"Sacramento Kings",-16,252,47
"280","Draymond Green","Golden State Warriors","1/8/2017",2016,3,6,26,"shot_yes","Jump Shot","3PT Field Goal",23,"Sacramento Kings",232,8,30
"281","Draymond Green","Golden State Warriors","1/6/2017",2016,1,7,1,"shot_no","Jump Shot","3PT Field Goal",27,"Memphis Grizzlies",112,247,5
"282","Draymond Green","Golden State Warriors","1/4/2017",2016,1,3,52,"shot_no","Jump Shot","3PT Field Goal",26,"Portland Trail Blazers",-186,190,9
"283","Draymond Green","Golden State Warriors","1/4/2017",2016,4,10,39,"shot_yes","Jump Shot","2PT Field Goal",5,"Portland Trail Blazers",-47,33,38
"284","Draymond Green","Golden State Warriors","1/4/2017",2016,4,7,28,"shot_no","Jump Shot","3PT Field Goal",26,"Portland Trail Blazers",-76,252,41
"285","Draymond Green","Golden State Warriors","1/4/2017",2016,1,9,42,"shot_yes","Jump Shot","3PT Field Goal",27,"Portland Trail Blazers",-173,213,3
"286","Draymond Green","Golden State Warriors","1/4/2017",2016,4,9,24,"shot_yes","Jump Shot","3PT Field Goal",26,"Portland Trail Blazers",-89,247,39
"287","Draymond Green","Golden State Warriors","1/2/2017",2016,2,0,33,"shot_no","Jump Shot","3PT Field Goal",29,"Denver Nuggets",-176,237,24
"288","Draymond Green","Golden State Warriors","1/2/2017",2016,3,3,23,"shot_no","Jump Shot","2PT Field Goal",5,"Denver Nuggets",27,51,33
"289","Draymond Green","Golden State Warriors","12/30/2016",2016,1,4,55,"shot_no","Jump Shot","3PT Field Goal",27,"Dallas Mavericks",-194,188,8
"290","Draymond Green","Golden State Warriors","12/30/2016",2016,1,11,47,"shot_no","Jump Shot","2PT Field Goal",9,"Dallas Mavericks",-22,90,1
"291","Draymond Green","Golden State Warriors","12/28/2016",2016,3,10,33,"shot_no","Jump Shot","3PT Field Goal",25,"Toronto Raptors",-89,242,26
"292","Draymond Green","Golden State Warriors","12/28/2016",2016,3,2,37,"shot_no","Jump Shot","2PT Field Goal",3,"Toronto Raptors",-25,21,34
"293","Draymond Green","Golden State Warriors","12/25/2016",2016,2,8,59,"shot_no","Jump Shot","3PT Field Goal",26,"Cleveland Cavaliers",-133,224,16
"294","Draymond Green","Golden State Warriors","12/25/2016",2016,4,3,17,"shot_no","Jump Shot","3PT Field Goal",24,"Cleveland Cavaliers",-248,0,45
"295","Draymond Green","Golden State Warriors","12/23/2016",2016,1,1,28,"shot_no","Jump Shot","3PT Field Goal",25,"Detroit Pistons",-192,169,11
"296","Draymond Green","Golden State Warriors","12/23/2016",2016,4,3,20,"shot_no","Jump Shot","2PT Field Goal",16,"Detroit Pistons",-4,169,45
"297","Draymond Green","Golden State Warriors","12/23/2016",2016,1,10,21,"shot_no","Jump Shot","3PT Field Goal",26,"Detroit Pistons",76,252,2
"298","Draymond Green","Golden State Warriors","12/23/2016",2016,3,10,24,"shot_no","Jump Shot","3PT Field Goal",27,"Detroit Pistons",-34,269,26
"299","Draymond Green","Golden State Warriors","12/23/2016",2016,2,6,16,"shot_no","Jump Shot","3PT Field Goal",26,"Detroit Pistons",-174,203,18
"300","Draymond Green","Golden State Warriors","12/23/2016",2016,1,5,25,"shot_no","Jump Shot","3PT Field Goal",25,"Detroit Pistons",-56,252,7
"301","Draymond Green","Golden State Warriors","12/23/2016",2016,4,2,0,"shot_no","Jump Shot","3PT Field Goal",25,"Detroit Pistons",215,134,46
"302","Draymond Green","Golden State Warriors","12/20/2016",2016,1,9,49,"shot_no","Jump Shot","3PT Field Goal",22,"Utah Jazz",223,23,3
"303","Draymond Green","Golden State Warriors","12/20/2016",2016,4,11,14,"shot_yes","Jump Shot","3PT Field Goal",25,"Utah Jazz",81,244,37
"304","Draymond Green","Golden State Warriors","12/20/2016",2016,3,5,46,"shot_no","Jump Shot","3PT Field Goal",25,"Utah Jazz",112,232,31
"305","Draymond Green","Golden State Warriors","12/17/2016",2016,1,6,27,"shot_no","Jump Shot","3PT Field Goal",25,"Portland Trail Blazers",30,257,6
"306","Draymond Green","Golden State Warriors","12/17/2016",2016,3,2,17,"shot_no","Jump Shot","3PT Field Goal",28,"Portland Trail Blazers",-138,244,34
"307","Draymond Green","Golden State Warriors","12/17/2016",2016,1,2,4,"shot_no","Jump Shot","2PT Field Goal",3,"Portland Trail Blazers",17,31,10
"308","Draymond Green","Golden State Warriors","12/15/2016",2016,3,10,38,"shot_no","Jump Shot","3PT Field Goal",26,"New York Knicks",-143,228,26
"309","Draymond Green","Golden State Warriors","12/15/2016",2016,1,7,59,"shot_no","Jump Shot","2PT Field Goal",19,"New York Knicks",-178,75,5
"310","Draymond Green","Golden State Warriors","12/15/2016",2016,1,11,27,"shot_no","Jump Shot","3PT Field Goal",25,"New York Knicks",-122,224,1
"311","Draymond Green","Golden State Warriors","12/15/2016",2016,4,3,38,"shot_no","Jump Shot","3PT Field Goal",27,"New York Knicks",35,272,45
"312","Draymond Green","Golden State Warriors","12/15/2016",2016,2,6,5,"shot_no","Jump Shot","3PT Field Goal",25,"New York Knicks",94,232,18
"313","Draymond Green","Golden State Warriors","12/13/2016",2016,1,1,38,"shot_no","Jump Shot","2PT Field Goal",20,"New Orleans Pelicans",207,11,11
"314","Draymond Green","Golden State Warriors","12/13/2016",2016,4,3,30,"shot_no","Jump Shot","2PT Field Goal",6,"New Orleans Pelicans",-56,31,45
"315","Draymond Green","Golden State Warriors","12/13/2016",2016,2,0,31,"shot_no","Jump Shot","3PT Field Goal",25,"New Orleans Pelicans",-50,252,24
"316","Draymond Green","Golden State Warriors","12/13/2016",2016,3,7,50,"shot_no","Jump Shot","3PT Field Goal",28,"New Orleans Pelicans",10,287,29
"317","Draymond Green","Golden State Warriors","12/13/2016",2016,4,5,3,"shot_yes","Jump Shot","3PT Field Goal",26,"New Orleans Pelicans",-158,218,43
"318","Draymond Green","Golden State Warriors","12/13/2016",2016,2,4,34,"shot_yes","Jump Shot","3PT Field Goal",25,"New Orleans Pelicans",-58,247,20
"319","Draymond Green","Golden State Warriors","12/13/2016",2016,1,8,36,"shot_no","Jump Shot","3PT Field Goal",23,"New Orleans Pelicans",238,0,4
"320","Draymond Green","Golden State Warriors","12/11/2016",2016,3,8,46,"shot_no","Jump Shot","3PT Field Goal",23,"Minnesota Timberwolves",238,21,28
"321","Draymond Green","Golden State Warriors","12/11/2016",2016,2,4,4,"shot_yes","Jump Shot","3PT Field Goal",25,"Minnesota Timberwolves",9,252,20
"322","Draymond Green","Golden State Warriors","12/11/2016",2016,2,8,3,"shot_no","Jump Shot","3PT Field Goal",25,"Minnesota Timberwolves",9,257,16
"323","Draymond Green","Golden State Warriors","12/11/2016",2016,2,4,57,"shot_yes","Jump Shot","3PT Field Goal",24,"Minnesota Timberwolves",-201,144,20
"324","Draymond Green","Golden State Warriors","12/11/2016",2016,3,3,14,"shot_no","Jump Shot","3PT Field Goal",25,"Minnesota Timberwolves",-137,218,33
"325","Draymond Green","Golden State Warriors","12/11/2016",2016,1,11,41,"shot_yes","Jump Shot","3PT Field Goal",25,"Minnesota Timberwolves",-150,203,1
"326","Draymond Green","Golden State Warriors","12/11/2016",2016,3,8,5,"shot_yes","Jump Shot","3PT Field Goal",24,"Minnesota Timberwolves",-65,239,28
"327","Draymond Green","Golden State Warriors","12/11/2016",2016,2,6,10,"shot_yes","Jump Shot","3PT Field Goal",24,"Minnesota Timberwolves",-16,247,18
"328","Draymond Green","Golden State Warriors","12/10/2016",2016,1,10,51,"shot_no","Jump Shot","3PT Field Goal",24,"Memphis Grizzlies",-156,195,2
"329","Draymond Green","Golden State Warriors","12/10/2016",2016,1,6,27,"shot_no","Jump Shot","2PT Field Goal",4,"Memphis Grizzlies",-4,43,6
"330","Draymond Green","Golden State Warriors","12/10/2016",2016,3,11,13,"shot_no","Jump Shot","2PT Field Goal",6,"Memphis Grizzlies",42,51,25
"331","Draymond Green","Golden State Warriors","12/8/2016",2016,2,2,28,"shot_yes","Jump Shot","3PT Field Goal",26,"Utah Jazz",-228,131,22
"332","Draymond Green","Golden State Warriors","12/8/2016",2016,2,6,40,"shot_yes","Jump Shot","3PT Field Goal",24,"Utah Jazz",148,195,18
"333","Draymond Green","Golden State Warriors","12/8/2016",2016,2,4,33,"shot_yes","Jump Shot","3PT Field Goal",25,"Utah Jazz",166,193,20
"334","Draymond Green","Golden State Warriors","12/8/2016",2016,1,11,25,"shot_no","Jump Shot","3PT Field Goal",25,"Utah Jazz",-194,159,1
"335","Draymond Green","Golden State Warriors","12/8/2016",2016,1,5,32,"shot_yes","Jump Shot","3PT Field Goal",24,"Utah Jazz",-112,214,7
"336","Draymond Green","Golden State Warriors","12/8/2016",2016,3,11,36,"shot_no","Jump Shot","3PT Field Goal",25,"Utah Jazz",37,249,25
"337","Draymond Green","Golden State Warriors","12/7/2016",2016,2,7,0,"shot_yes","Jump Shot","3PT Field Goal",26,"Los Angeles Clippers",20,264,17
"338","Draymond Green","Golden State Warriors","12/7/2016",2016,2,0,3,"shot_yes","Jump Shot","3PT Field Goal",26,"Los Angeles Clippers",195,180,24
"339","Draymond Green","Golden State Warriors","12/7/2016",2016,4,5,19,"shot_no","Jump Shot","3PT Field Goal",26,"Los Angeles Clippers",-9,269,43
"340","Draymond Green","Golden State Warriors","12/7/2016",2016,1,2,38,"shot_yes","Jump Shot","3PT Field Goal",26,"Los Angeles Clippers",28,262,10
"341","Draymond Green","Golden State Warriors","12/7/2016",2016,2,0,47,"shot_no","Jump Shot","3PT Field Goal",26,"Los Angeles Clippers",-14,262,24
"342","Draymond Green","Golden State Warriors","12/5/2016",2016,1,4,45,"shot_no","Jump Shot","3PT Field Goal",25,"Indiana Pacers",117,223,8
"343","Draymond Green","Golden State Warriors","12/3/2016",2016,2,0,45,"shot_no","Jump Shot","3PT Field Goal",26,"Phoenix Suns",-142,223,24
"344","Draymond Green","Golden State Warriors","12/3/2016",2016,3,1,17,"shot_no","Jump Shot","3PT Field Goal",26,"Phoenix Suns",-207,170,35
"345","Draymond Green","Golden State Warriors","12/3/2016",2016,1,3,19,"shot_no","Jump Shot","2PT Field Goal",3,"Phoenix Suns",10,31,9
"346","Draymond Green","Golden State Warriors","12/1/2016",2016,3,9,3,"shot_no","Jump Shot","2PT Field Goal",4,"Houston Rockets",-14,46,27
"347","Draymond Green","Golden State Warriors","12/1/2016",2016,3,2,41,"shot_no","Jump Shot","2PT Field Goal",5,"Houston Rockets",-52,21,34
"348","Draymond Green","Golden State Warriors","12/1/2016",2016,2,2,36,"shot_no","Jump Shot","3PT Field Goal",25,"Houston Rockets",-35,252,22
"349","Draymond Green","Golden State Warriors","12/1/2016",2016,1,6,52,"shot_no","Jump Shot","3PT Field Goal",24,"Houston Rockets",66,234,6
"350","Draymond Green","Golden State Warriors","11/28/2016",2016,1,7,45,"shot_no","Jump Shot","2PT Field Goal",12,"Atlanta Hawks",-125,26,5
"351","Draymond Green","Golden State Warriors","11/28/2016",2016,3,10,17,"shot_yes","Jump Shot","2PT Field Goal",18,"Atlanta Hawks",-137,129,26
"352","Draymond Green","Golden State Warriors","11/25/2016",2016,3,10,15,"shot_no","Jump Shot","3PT Field Goal",24,"Los Angeles Lakers",-15,243,26
"353","Draymond Green","Golden State Warriors","11/25/2016",2016,3,8,54,"shot_yes","Jump Shot","3PT Field Goal",25,"Los Angeles Lakers",-55,246,28
"354","Draymond Green","Golden State Warriors","11/23/2016",2016,2,4,32,"shot_no","Jump Shot","3PT Field Goal",26,"Los Angeles Lakers",-40,267,20
"355","Draymond Green","Golden State Warriors","11/21/2016",2016,1,3,48,"shot_no","Jump Shot","3PT Field Goal",26,"Indiana Pacers",-161,210,9
"356","Draymond Green","Golden State Warriors","11/21/2016",2016,1,6,58,"shot_no","Jump Shot","3PT Field Goal",26,"Indiana Pacers",9,262,6
"357","Draymond Green","Golden State Warriors","11/19/2016",2016,1,5,36,"shot_no","Jump Shot","3PT Field Goal",27,"Milwaukee Bucks",-63,272,7
"358","Draymond Green","Golden State Warriors","11/19/2016",2016,1,9,12,"shot_no","Jump Shot","2PT Field Goal",6,"Milwaukee Bucks",-56,33,3
"359","Draymond Green","Golden State Warriors","11/18/2016",2016,4,4,43,"shot_no","Jump Shot","3PT Field Goal",26,"Boston Celtics",-119,232,44
"360","Draymond Green","Golden State Warriors","11/18/2016",2016,3,9,1,"shot_yes","Jump Shot","3PT Field Goal",25,"Boston Celtics",-161,195,27
"361","Draymond Green","Golden State Warriors","11/18/2016",2016,3,1,38,"shot_no","Jump Shot","3PT Field Goal",26,"Boston Celtics",9,267,35
"362","Draymond Green","Golden State Warriors","11/18/2016",2016,2,5,54,"shot_no","Jump Shot","3PT Field Goal",25,"Boston Celtics",-45,254,19
"363","Draymond Green","Golden State Warriors","11/18/2016",2016,3,10,46,"shot_yes","Jump Shot","3PT Field Goal",25,"Boston Celtics",35,249,26
"364","Draymond Green","Golden State Warriors","11/18/2016",2016,1,5,0,"shot_no","Jump Shot","3PT Field Goal",24,"Boston Celtics",-73,237,7
"365","Draymond Green","Golden State Warriors","11/16/2016",2016,2,6,8,"shot_no","Jump Shot","3PT Field Goal",26,"Toronto Raptors",-173,198,18
"366","Draymond Green","Golden State Warriors","11/16/2016",2016,1,3,46,"shot_yes","Jump Shot","3PT Field Goal",25,"Toronto Raptors",25,257,9
"367","Draymond Green","Golden State Warriors","11/16/2016",2016,1,2,36,"shot_no","Jump Shot","3PT Field Goal",28,"Toronto Raptors",194,208,10
"368","Draymond Green","Golden State Warriors","11/13/2016",2016,1,1,1,"shot_no","Jump Shot","3PT Field Goal",26,"Phoenix Suns",176,198,11
"369","Draymond Green","Golden State Warriors","11/13/2016",2016,3,9,22,"shot_no","Jump Shot","3PT Field Goal",25,"Phoenix Suns",-174,183,27
"370","Draymond Green","Golden State Warriors","11/13/2016",2016,1,7,8,"shot_no","Jump Shot","3PT Field Goal",26,"Phoenix Suns",19,269,5
"371","Draymond Green","Golden State Warriors","11/10/2016",2016,1,3,6,"shot_yes","Jump Shot","3PT Field Goal",25,"Denver Nuggets",-166,190,9
"372","Draymond Green","Golden State Warriors","11/10/2016",2016,1,11,37,"shot_yes","Jump Shot","3PT Field Goal",24,"Denver Nuggets",-155,193,1
"373","Draymond Green","Golden State Warriors","11/10/2016",2016,3,11,18,"shot_yes","Jump Shot","3PT Field Goal",24,"Denver Nuggets",-101,228,25
"374","Draymond Green","Golden State Warriors","11/10/2016",2016,1,4,57,"shot_no","Jump Shot","3PT Field Goal",26,"Denver Nuggets",-143,218,8
"375","Draymond Green","Golden State Warriors","11/9/2016",2016,3,2,59,"shot_no","Jump Shot","3PT Field Goal",26,"Dallas Mavericks",107,237,34
"376","Draymond Green","Golden State Warriors","11/9/2016",2016,2,4,49,"shot_yes","Jump Shot","3PT Field Goal",25,"Dallas Mavericks",-24,252,20
"377","Draymond Green","Golden State Warriors","11/7/2016",2016,3,11,32,"shot_no","Jump Shot","3PT Field Goal",24,"New Orleans Pelicans",240,36,25
"378","Draymond Green","Golden State Warriors","11/7/2016",2016,2,1,37,"shot_no","Jump Shot","2PT Field Goal",3,"New Orleans Pelicans",1,36,23
"379","Draymond Green","Golden State Warriors","11/4/2016",2016,1,11,42,"shot_no","Jump Shot","3PT Field Goal",24,"Los Angeles Lakers",37,241,1
"380","Draymond Green","Golden State Warriors","11/4/2016",2016,3,0,0,"shot_no","Jump Shot","3PT Field Goal",40,"Los Angeles Lakers",18,408,36
"381","Draymond Green","Golden State Warriors","11/4/2016",2016,4,8,47,"shot_no","Jump Shot","3PT Field Goal",25,"Los Angeles Lakers",86,238,40
"382","Draymond Green","Golden State Warriors","11/3/2016",2016,1,10,15,"shot_no","Jump Shot","3PT Field Goal",26,"Oklahoma City Thunder",-55,257,2
"383","Draymond Green","Golden State Warriors","11/3/2016",2016,1,9,28,"shot_no","Jump Shot","2PT Field Goal",3,"Oklahoma City Thunder",-20,23,3
"384","Draymond Green","Golden State Warriors","11/1/2016",2016,1,5,7,"shot_yes","Jump Shot","3PT Field Goal",25,"Portland Trail Blazers",161,195,7
"385","Draymond Green","Golden State Warriors","10/30/2016",2016,1,7,48,"shot_no","Jump Shot","3PT Field Goal",26,"Phoenix Suns",187,185,5
"386","Draymond Green","Golden State Warriors","10/30/2016",2016,3,7,59,"shot_no","Jump Shot","3PT Field Goal",26,"Phoenix Suns",-4,262,29
"387","Draymond Green","Golden State Warriors","10/30/2016",2016,2,6,14,"shot_no","Jump Shot","3PT Field Goal",26,"Phoenix Suns",151,213,18
"388","Draymond Green","Golden State Warriors","10/30/2016",2016,4,2,26,"shot_no","Jump Shot","3PT Field Goal",26,"Phoenix Suns",-202,174,46
"389","Draymond Green","Golden State Warriors","10/28/2016",2016,3,11,40,"shot_yes","Jump Shot","3PT Field Goal",26,"New Orleans Pelicans",-42,257,25
"390","Draymond Green","Golden State Warriors","10/28/2016",2016,2,5,52,"shot_no","Jump Shot","2PT Field Goal",3,"New Orleans Pelicans",1,36,19
"391","Draymond Green","Golden State Warriors","10/28/2016",2016,2,1,26,"shot_no","Jump Shot","2PT Field Goal",4,"New Orleans Pelicans",-35,33,23
"392","Draymond Green","Golden State Warriors","10/28/2016",2016,1,7,15,"shot_no","Jump Shot","3PT Field Goal",25,"New Orleans Pelicans",19,252,5
"393","Draymond Green","Golden State Warriors","10/25/2016",2016,3,6,11,"shot_no","Jump Shot","3PT Field Goal",27,"San Antonio Spurs",-181,208,30
"394","Draymond Green","Golden State Warriors","10/25/2016",2016,3,7,16,"shot_yes","Jump Shot","3PT Field Goal",23,"San Antonio Spurs",233,36,29
"395","Draymond Green","Golden State Warriors","10/25/2016",2016,1,11,21,"shot_no","Jump Shot","3PT Field Goal",24,"San Antonio Spurs",-158,193,1
"396","Draymond Green","Golden State Warriors","3/31/2017",2016,2,2,6,"shot_no","Layup Shot","2PT Field Goal",2,"Houston Rockets",-9,28,22
"397","Draymond Green","Golden State Warriors","2/13/2017",2016,3,9,33,"shot_yes","Layup Shot","2PT Field Goal",1,"Denver Nuggets",-6,16,27
"398","Draymond Green","Golden State Warriors","2/23/2017",2016,2,11,32,"shot_no","Layup Shot","2PT Field Goal",2,"Los Angeles Clippers",17,16,13
"399","Draymond Green","Golden State Warriors","2/25/2017",2016,3,7,4,"shot_no","Layup Shot","2PT Field Goal",2,"Brooklyn Nets",25,8,29
"400","Draymond Green","Golden State Warriors","10/28/2016",2016,1,6,49,"shot_yes","Layup Shot","2PT Field Goal",2,"New Orleans Pelicans",-22,3,6
"401","Draymond Green","Golden State Warriors","11/4/2016",2016,4,7,45,"shot_yes","Layup Shot","2PT Field Goal",0,"Los Angeles Lakers",5,0,41
"402","Draymond Green","Golden State Warriors","12/1/2016",2016,4,7,2,"shot_yes","Layup Shot","2PT Field Goal",0,"Houston Rockets",0,7,41
"403","Draymond Green","Golden State Warriors","11/9/2016",2016,1,8,17,"shot_no","Layup Shot","2PT Field Goal",3,"Dallas Mavericks",-19,28,4
"404","Draymond Green","Golden State Warriors","2/27/2017",2016,3,1,44,"shot_no","Layup Shot","2PT Field Goal",1,"Philadelphia 76ers",6,8,35
"405","Draymond Green","Golden State Warriors","10/28/2016",2016,2,5,47,"shot_yes","Layup Shot","2PT Field Goal",2,"New Orleans Pelicans",9,23,19
"406","Draymond Green","Golden State Warriors","4/4/2017",2016,3,9,43,"shot_no","Layup Shot","2PT Field Goal",2,"Minnesota Timberwolves",-19,11,27
"407","Draymond Green","Golden State Warriors","2/28/2017",2016,4,3,4,"shot_yes","Layup Shot","2PT Field Goal",1,"Washington Wizards",-9,8,45
"408","Draymond Green","Golden State Warriors","2/28/2017",2016,1,5,38,"shot_no","Layup Shot","2PT Field Goal",2,"Washington Wizards",27,-11,7
"409","Draymond Green","Golden State Warriors","12/11/2016",2016,1,5,2,"shot_yes","Layup Shot","2PT Field Goal",0,"Minnesota Timberwolves",1,8,7
"410","Draymond Green","Golden State Warriors","11/25/2016",2016,1,8,35,"shot_yes","Layup Shot","2PT Field Goal",1,"Los Angeles Lakers",-16,1,4
"411","Draymond Green","Golden State Warriors","11/23/2016",2016,1,5,48,"shot_no","Layup Shot","2PT Field Goal",1,"Los Angeles Lakers",6,11,7
"412","Draymond Green","Golden State Warriors","11/23/2016",2016,1,4,36,"shot_no","Layup Shot","2PT Field Goal",1,"Los Angeles Lakers",-6,16,8
"413","Draymond Green","Golden State Warriors","10/28/2016",2016,3,9,42,"shot_no","Layup Shot","2PT Field Goal",2,"New Orleans Pelicans",19,16,27
"414","Draymond Green","Golden State Warriors","11/10/2016",2016,3,5,2,"shot_yes","Layup Shot","2PT Field Goal",1,"Denver Nuggets",9,7,31
"415","Draymond Green","Golden State Warriors","12/13/2016",2016,3,7,32,"shot_no","Layup Shot","2PT Field Goal",2,"New Orleans Pelicans",22,11,29
"416","Draymond Green","Golden State Warriors","12/13/2016",2016,3,8,4,"shot_no","Layup Shot","2PT Field Goal",2,"New Orleans Pelicans",17,11,28
"417","Draymond Green","Golden State Warriors","11/21/2016",2016,1,2,31,"shot_yes","Layup Shot","2PT Field Goal",1,"Indiana Pacers",10,-1,10
"418","Draymond Green","Golden State Warriors","3/5/2017",2016,1,10,32,"shot_no","Layup Shot","2PT Field Goal",1,"New York Knicks",-16,-1,2
"419","Draymond Green","Golden State Warriors","11/19/2016",2016,4,1,48,"shot_no","Layup Shot","2PT Field Goal",0,"Milwaukee Bucks",-4,-1,47
"420","Draymond Green","Golden State Warriors","3/6/2017",2016,1,6,2,"shot_no","Layup Shot","2PT Field Goal",0,"Atlanta Hawks",1,3,6
"421","Draymond Green","Golden State Warriors","11/19/2016",2016,4,0,55,"shot_no","Layup Shot","2PT Field Goal",1,"Milwaukee Bucks",-6,13,48
"422","Draymond Green","Golden State Warriors","11/3/2016",2016,3,11,43,"shot_no","Layup Shot","2PT Field Goal",2,"Oklahoma City Thunder",-12,18,25
"423","Draymond Green","Golden State Warriors","12/13/2016",2016,3,9,23,"shot_no","Layup Shot","2PT Field Goal",1,"New Orleans Pelicans",-12,8,27
"424","Draymond Green","Golden State Warriors","12/13/2016",2016,2,3,11,"shot_yes","Layup Shot","2PT Field Goal",0,"New Orleans Pelicans",-6,-6,21
"425","Draymond Green","Golden State Warriors","12/13/2016",2016,3,9,6,"shot_yes","Layup Shot","2PT Field Goal",2,"New Orleans Pelicans",-2,21,27
"426","Draymond Green","Golden State Warriors","11/18/2016",2016,1,7,48,"shot_yes","Layup Shot","2PT Field Goal",1,"Boston Celtics",-16,3,5
"427","Draymond Green","Golden State Warriors","11/1/2016",2016,1,7,19,"shot_yes","Layup Shot","2PT Field Goal",2,"Portland Trail Blazers",-16,16,5
"428","Draymond Green","Golden State Warriors","3/24/2017",2016,4,5,50,"shot_no","Layup Shot","2PT Field Goal",1,"Sacramento Kings",-6,16,43
"429","Draymond Green","Golden State Warriors","1/4/2017",2016,2,6,1,"shot_no","Layup Shot","2PT Field Goal",1,"Portland Trail Blazers",-12,2,18
"430","Draymond Green","Golden State Warriors","3/24/2017",2016,4,5,48,"shot_no","Layup Shot","2PT Field Goal",1,"Sacramento Kings",1,13,43
"431","Draymond Green","Golden State Warriors","3/16/2017",2016,2,10,27,"shot_no","Layup Shot","2PT Field Goal",2,"Orlando Magic",6,21,14
"432","Draymond Green","Golden State Warriors","1/8/2017",2016,2,3,36,"shot_yes","Layup Shot","2PT Field Goal",2,"Sacramento Kings",20,7,21
"433","Draymond Green","Golden State Warriors","12/15/2016",2016,1,5,12,"shot_no","Layup Shot","2PT Field Goal",2,"New York Knicks",-20,11,7
"434","Draymond Green","Golden State Warriors","1/8/2017",2016,2,0,27,"shot_no","Layup Shot","2PT Field Goal",3,"Sacramento Kings",9,36,24
"435","Draymond Green","Golden State Warriors","3/28/2017",2016,1,9,44,"shot_yes","Layup Shot","2PT Field Goal",0,"Houston Rockets",2,-5,3
"436","Draymond Green","Golden State Warriors","1/8/2017",2016,1,5,12,"shot_no","Layup Shot","2PT Field Goal",2,"Sacramento Kings",-27,13,7
"437","Draymond Green","Golden State Warriors","1/28/2017",2016,1,8,11,"shot_no","Layup Shot","2PT Field Goal",2,"Los Angeles Clippers",10,18,4
"438","Draymond Green","Golden State Warriors","1/18/2017",2016,3,9,29,"shot_yes","Layup Shot","2PT Field Goal",3,"Oklahoma City Thunder",-7,31,27
"439","Draymond Green","Golden State Warriors","1/18/2017",2016,3,10,35,"shot_yes","Layup Shot","2PT Field Goal",0,"Oklahoma City Thunder",-4,3,26
"440","Draymond Green","Golden State Warriors","12/17/2016",2016,3,10,41,"shot_yes","Layup Shot","2PT Field Goal",1,"Portland Trail Blazers",-14,7,26
"441","Draymond Green","Golden State Warriors","3/18/2017",2016,2,1,53,"shot_no","Layup Shot","2PT Field Goal",2,"Milwaukee Bucks",6,21,23
"442","Draymond Green","Golden State Warriors","1/25/2017",2016,1,4,3,"shot_no","Layup Shot","2PT Field Goal",0,"Charlotte Hornets",0,7,8
"443","Draymond Green","Golden State Warriors","11/16/2016",2016,3,8,32,"shot_no","Layup Shot","2PT Field Goal",2,"Toronto Raptors",-22,8,28
"444","Draymond Green","Golden State Warriors","12/25/2016",2016,2,6,16,"shot_yes","Layup Shot","2PT Field Goal",1,"Cleveland Cavaliers",-7,-16,18
"445","Draymond Green","Golden State Warriors","3/16/2017",2016,3,6,33,"shot_no","Layup Shot","2PT Field Goal",3,"Orlando Magic",1,31,30
"446","Draymond Green","Golden State Warriors","1/25/2017",2016,4,2,6,"shot_no","Layup Shot","2PT Field Goal",1,"Charlotte Hornets",1,11,46
"447","Draymond Green","Golden State Warriors","1/22/2017",2016,3,5,59,"shot_no","Layup Shot","2PT Field Goal",2,"Orlando Magic",9,28,31
"448","Draymond Green","Golden State Warriors","3/14/2017",2016,4,11,40,"shot_yes","Layup Shot","2PT Field Goal",2,"Philadelphia 76ers",20,14,37
"449","Draymond Green","Golden State Warriors","11/16/2016",2016,1,1,41,"shot_yes","Layup Shot","2PT Field Goal",2,"Toronto Raptors",22,-6,11
"450","Draymond Green","Golden State Warriors","2/11/2017",2016,4,2,45,"shot_yes","Layup Shot","2PT Field Goal",2,"Oklahoma City Thunder",-22,0,46
"451","Draymond Green","Golden State Warriors","12/8/2016",2016,1,9,34,"shot_no","Layup Shot","2PT Field Goal",2,"Utah Jazz",-29,2,3
"452","Draymond Green","Golden State Warriors","2/4/2017",2016,2,1,17,"shot_no","Layup Shot","2PT Field Goal",4,"Sacramento Kings",30,36,23
"453","Draymond Green","Golden State Warriors","10/28/2016",2016,2,4,56,"shot_no","Layup Shot","2PT Field Goal",1,"New Orleans Pelicans",-4,16,20
"454","Draymond Green","Golden State Warriors","12/3/2016",2016,1,6,46,"shot_no","Layup Shot","2PT Field Goal",2,"Phoenix Suns",6,23,6
"455","Draymond Green","Golden State Warriors","11/23/2016",2016,3,11,15,"shot_no","Pullup Jump shot","3PT Field Goal",25,"Los Angeles Lakers",-143,213,25
"456","Draymond Green","Golden State Warriors","10/25/2016",2016,2,7,27,"shot_no","Pullup Jump shot","3PT Field Goal",24,"San Antonio Spurs",200,149,17
"457","Draymond Green","Golden State Warriors","3/14/2017",2016,4,8,4,"shot_yes","Pullup Jump shot","3PT Field Goal",25,"Philadelphia 76ers",-102,237,40
"458","Draymond Green","Golden State Warriors","11/3/2016",2016,3,1,4,"shot_no","Pullup Jump shot","3PT Field Goal",26,"Oklahoma City Thunder",-27,262,35
"459","Draymond Green","Golden State Warriors","3/26/2017",2016,1,11,8,"shot_yes","Pullup Jump shot","3PT Field Goal",27,"Memphis Grizzlies",-66,262,1
"460","Draymond Green","Golden State Warriors","12/28/2016",2016,1,0,48,"shot_yes","Pullup Jump shot","3PT Field Goal",25,"Toronto Raptors",-119,228,12
"461","Draymond Green","Golden State Warriors","3/14/2017",2016,3,8,46,"shot_no","Pullup Jump shot","3PT Field Goal",25,"Philadelphia 76ers",114,232,28
"462","Draymond Green","Golden State Warriors","11/1/2016",2016,2,1,56,"shot_no","Pullup Jump shot","3PT Field Goal",24,"Portland Trail Blazers",2,242,23
"463","Draymond Green","Golden State Warriors","10/25/2016",2016,3,3,2,"shot_yes","Pullup Jump shot","3PT Field Goal",24,"San Antonio Spurs",33,247,33
"464","Draymond Green","Golden State Warriors","11/23/2016",2016,1,11,1,"shot_no","Pullup Jump shot","3PT Field Goal",25,"Los Angeles Lakers",-55,244,1
"465","Draymond Green","Golden State Warriors","12/20/2016",2016,4,10,10,"shot_yes","Pullup Jump shot","3PT Field Goal",27,"Utah Jazz",-120,244,38
"466","Draymond Green","Golden State Warriors","2/8/2017",2016,2,7,44,"shot_yes","Pullup Jump shot","3PT Field Goal",27,"Chicago Bulls",174,208,17
"467","Draymond Green","Golden State Warriors","2/8/2017",2016,3,7,46,"shot_yes","Pullup Jump shot","3PT Field Goal",25,"Chicago Bulls",43,247,29
"468","Draymond Green","Golden State Warriors","12/5/2016",2016,3,1,54,"shot_no","Pullup Jump shot","2PT Field Goal",17,"Indiana Pacers",143,95,35
"469","Draymond Green","Golden State Warriors","1/2/2017",2016,4,6,7,"shot_yes","Pullup Jump shot","3PT Field Goal",26,"Denver Nuggets",-79,257,42
"470","Draymond Green","Golden State Warriors","3/6/2017",2016,4,8,56,"shot_no","Pullup Jump shot","2PT Field Goal",5,"Atlanta Hawks",-29,41,40
"471","Draymond Green","Golden State Warriors","3/24/2017",2016,3,5,55,"shot_yes","Pullup Jump shot","3PT Field Goal",27,"Sacramento Kings",-161,218,31
"472","Draymond Green","Golden State Warriors","2/1/2017",2016,2,10,18,"shot_yes","Pullup Jump shot","3PT Field Goal",28,"Charlotte Hornets",-129,252,14
"473","Draymond Green","Golden State Warriors","12/5/2016",2016,3,11,45,"shot_no","Pullup Jump shot","3PT Field Goal",24,"Indiana Pacers",-48,242,25
"474","Draymond Green","Golden State Warriors","1/29/2017",2016,1,0,31,"shot_no","Pullup Jump shot","3PT Field Goal",28,"Portland Trail Blazers",9,282,12
"475","Draymond Green","Golden State Warriors","4/4/2017",2016,2,6,15,"shot_no","Pullup Jump shot","3PT Field Goal",25,"Minnesota Timberwolves",27,257,18
"476","Draymond Green","Golden State Warriors","12/3/2016",2016,2,5,24,"shot_yes","Pullup Jump shot","3PT Field Goal",25,"Phoenix Suns",25,252,19
"477","Draymond Green","Golden State Warriors","3/24/2017",2016,3,2,6,"shot_no","Pullup Jump shot","3PT Field Goal",25,"Sacramento Kings",125,219,34
"478","Draymond Green","Golden State Warriors","12/30/2016",2016,2,5,7,"shot_yes","Pullup Jump shot","3PT Field Goal",24,"Dallas Mavericks",-143,205,19
"479","Draymond Green","Golden State Warriors","3/24/2017",2016,3,1,40,"shot_yes","Pullup Jump shot","3PT Field Goal",26,"Sacramento Kings",60,257,35
"480","Draymond Green","Golden State Warriors","2/23/2017",2016,2,1,58,"shot_yes","Pullup Jump shot","3PT Field Goal",26,"Los Angeles Clippers",-161,213,23
"481","Draymond Green","Golden State Warriors","2/25/2017",2016,2,11,2,"shot_yes","Pullup Jump shot","3PT Field Goal",27,"Brooklyn Nets",117,247,13
"482","Draymond Green","Golden State Warriors","3/24/2017",2016,2,5,3,"shot_no","Pullup Jump shot","3PT Field Goal",23,"Sacramento Kings",-233,8,19
"483","Draymond Green","Golden State Warriors","11/9/2016",2016,1,2,52,"shot_no","Pullup Jump shot","3PT Field Goal",26,"Dallas Mavericks",-201,175,10
"484","Draymond Green","Golden State Warriors","12/30/2016",2016,2,1,30,"shot_no","Pullup Jump shot","3PT Field Goal",25,"Dallas Mavericks",-158,203,23
"485","Draymond Green","Golden State Warriors","2/25/2017",2016,3,0,27,"shot_no","Pullup Jump shot","3PT Field Goal",26,"Brooklyn Nets",-181,188,36
"486","Draymond Green","Golden State Warriors","1/6/2017",2016,4,5,36,"shot_no","Pullup Jump shot","3PT Field Goal",26,"Memphis Grizzlies",-127,229,43
"487","Draymond Green","Golden State Warriors","3/24/2017",2016,3,6,42,"shot_yes","Pullup Jump shot","3PT Field Goal",25,"Sacramento Kings",181,175,30
"488","Draymond Green","Golden State Warriors","11/9/2016",2016,2,7,27,"shot_yes","Pullup Jump shot","3PT Field Goal",23,"Dallas Mavericks",230,-1,17
"489","Draymond Green","Golden State Warriors","11/9/2016",2016,1,9,42,"shot_yes","Pullup Jump shot","3PT Field Goal",26,"Dallas Mavericks",-165,210,3
"490","Draymond Green","Golden State Warriors","11/9/2016",2016,1,3,17,"shot_yes","Pullup Jump shot","3PT Field Goal",27,"Dallas Mavericks",87,262,9
"491","Draymond Green","Golden State Warriors","11/13/2016",2016,3,3,38,"shot_no","Pullup Jump shot","3PT Field Goal",25,"Phoenix Suns",99,237,33
"492","Draymond Green","Golden State Warriors","12/20/2016",2016,1,9,24,"shot_no","Pullup Jump shot","3PT Field Goal",25,"Utah Jazz",15,259,3
"493","Draymond Green","Golden State Warriors","11/28/2016",2016,4,5,17,"shot_no","Pullup Jump shot","3PT Field Goal",25,"Atlanta Hawks",-173,185,43
"494","Draymond Green","Golden State Warriors","11/28/2016",2016,2,3,52,"shot_no","Pullup Jump shot","3PT Field Goal",26,"Atlanta Hawks",92,247,21
"495","Draymond Green","Golden State Warriors","11/28/2016",2016,1,11,14,"shot_no","Pullup Jump shot","3PT Field Goal",25,"Atlanta Hawks",109,228,1
"496","Draymond Green","Golden State Warriors","12/28/2016",2016,1,5,23,"shot_yes","Pullup Jump shot","3PT Field Goal",26,"Toronto Raptors",-192,178,7
"497","Draymond Green","Golden State Warriors","12/15/2016",2016,1,8,25,"shot_yes","Pullup Jump shot","3PT Field Goal",25,"New York Knicks",35,257,4
"498","Draymond Green","Golden State Warriors","11/13/2016",2016,3,7,41,"shot_yes","Pullup Jump shot","3PT Field Goal",26,"Phoenix Suns",-161,213,29
"499","Draymond Green","Golden State Warriors","12/10/2016",2016,3,6,6,"shot_yes","Putback Dunk Shot","2PT Field Goal",0,"Memphis Grizzlies",0,1,30
"500","Draymond Green","Golden State Warriors","11/3/2016",2016,1,4,42,"shot_yes","Putback Dunk Shot","2PT Field Goal",0,"Oklahoma City Thunder",0,1,8
"501","Draymond Green","Golden State Warriors","10/25/2016",2016,3,11,16,"shot_yes","Putback Layup Shot","2PT Field Goal",0,"San Antonio Spurs",2,7,25
"502","Draymond Green","Golden State Warriors","12/10/2016",2016,2,2,18,"shot_no","Putback Layup Shot","2PT Field Goal",1,"Memphis Grizzlies",-1,16,22
"503","Draymond Green","Golden State Warriors","12/7/2016",2016,2,1,35,"shot_yes","Putback Layup Shot","2PT Field Goal",2,"Los Angeles Clippers",-1,21,23
"504","Draymond Green","Golden State Warriors","11/3/2016",2016,1,5,0,"shot_yes","Putback Layup Shot","2PT Field Goal",0,"Oklahoma City Thunder",-2,7,7
"505","Draymond Green","Golden State Warriors","3/28/2017",2016,4,3,48,"shot_yes","Putback Layup Shot","2PT Field Goal",1,"Houston Rockets",9,-5,45
"506","Draymond Green","Golden State Warriors","11/13/2016",2016,1,2,21,"shot_yes","Putback Layup Shot","2PT Field Goal",2,"Phoenix Suns",-9,18,10
"507","Draymond Green","Golden State Warriors","2/27/2017",2016,3,1,41,"shot_yes","Putback Layup Shot","2PT Field Goal",0,"Philadelphia 76ers",1,8,35
"508","Draymond Green","Golden State Warriors","11/25/2016",2016,3,6,11,"shot_yes","Reverse Layup Shot","2PT Field Goal",1,"Los Angeles Lakers",18,-2,30
"509","Draymond Green","Golden State Warriors","11/10/2016",2016,1,1,52,"shot_no","Reverse Layup Shot","2PT Field Goal",2,"Denver Nuggets",-17,11,11
"510","Draymond Green","Golden State Warriors","11/4/2016",2016,3,9,12,"shot_yes","Running Dunk Shot","2PT Field Goal",0,"Los Angeles Lakers",0,1,27
"511","Draymond Green","Golden State Warriors","3/24/2017",2016,2,4,25,"shot_yes","Running Dunk Shot","2PT Field Goal",0,"Sacramento Kings",0,1,20
"512","Draymond Green","Golden State Warriors","3/24/2017",2016,2,6,19,"shot_yes","Running Dunk Shot","2PT Field Goal",0,"Sacramento Kings",0,1,18
"513","Draymond Green","Golden State Warriors","12/30/2016",2016,1,8,32,"shot_yes","Running Dunk Shot","2PT Field Goal",0,"Dallas Mavericks",0,1,4
"514","Draymond Green","Golden State Warriors","1/18/2017",2016,1,8,45,"shot_yes","Running Dunk Shot","2PT Field Goal",0,"Oklahoma City Thunder",0,1,4
"515","Draymond Green","Golden State Warriors","3/14/2017",2016,3,11,42,"shot_yes","Running Dunk Shot","2PT Field Goal",0,"Philadelphia 76ers",0,1,25
"516","Draymond Green","Golden State Warriors","10/25/2016",2016,3,8,56,"shot_yes","Running Dunk Shot","2PT Field Goal",0,"San Antonio Spurs",0,1,28
"517","Draymond Green","Golden State Warriors","10/30/2016",2016,3,2,59,"shot_yes","Running Dunk Shot","2PT Field Goal",0,"Phoenix Suns",-4,2,34
"518","Draymond Green","Golden State Warriors","2/28/2017",2016,3,5,29,"shot_yes","Running Dunk Shot","2PT Field Goal",0,"Washington Wizards",0,1,31
"519","Draymond Green","Golden State Warriors","12/20/2016",2016,2,2,7,"shot_yes","Running Dunk Shot","2PT Field Goal",0,"Utah Jazz",0,1,22
"520","Draymond Green","Golden State Warriors","1/25/2017",2016,4,1,50,"shot_yes","Running Dunk Shot","2PT Field Goal",0,"Charlotte Hornets",0,1,47
"521","Draymond Green","Golden State Warriors","11/23/2016",2016,2,0,27,"shot_yes","Running Dunk Shot","2PT Field Goal",0,"Los Angeles Lakers",0,1,24
"522","Draymond Green","Golden State Warriors","2/10/2017",2016,2,0,39,"shot_yes","Running Dunk Shot","2PT Field Goal",0,"Memphis Grizzlies",0,1,24
"523","Draymond Green","Golden State Warriors","3/26/2017",2016,1,7,51,"shot_yes","Running Dunk Shot","2PT Field Goal",0,"Memphis Grizzlies",0,1,5
"524","Draymond Green","Golden State Warriors","12/20/2016",2016,3,5,15,"shot_yes","Running Dunk Shot","2PT Field Goal",0,"Utah Jazz",0,1,31
"525","Draymond Green","Golden State Warriors","12/1/2016",2016,4,5,9,"shot_yes","Running Finger Roll Layup Shot","2PT Field Goal",1,"Houston Rockets",4,11,43
"526","Draymond Green","Golden State Warriors","12/20/2016",2016,1,7,31,"shot_no","Running Finger Roll Layup Shot","2PT Field Goal",1,"Utah Jazz",4,13,5
"527","Draymond Green","Golden State Warriors","11/3/2016",2016,1,6,38,"shot_no","Running Jump Shot","2PT Field Goal",3,"Oklahoma City Thunder",0,33,6
"528","Draymond Green","Golden State Warriors","11/16/2016",2016,2,1,0,"shot_yes","Running Layup Shot","2PT Field Goal",1,"Toronto Raptors",15,11,23
"529","Draymond Green","Golden State Warriors","12/28/2016",2016,1,11,26,"shot_yes","Running Layup Shot","2PT Field Goal",0,"Toronto Raptors",4,7,1
"530","Draymond Green","Golden State Warriors","1/16/2017",2016,1,1,11,"shot_yes","Running Layup Shot","2PT Field Goal",1,"Cleveland Cavaliers",-4,11,11
"531","Draymond Green","Golden State Warriors","2/27/2017",2016,1,0,33,"shot_yes","Running Layup Shot","2PT Field Goal",2,"Philadelphia 76ers",-6,21,12
"532","Draymond Green","Golden State Warriors","11/28/2016",2016,2,3,3,"shot_no","Running Layup Shot","2PT Field Goal",0,"Atlanta Hawks",1,7,21
"533","Draymond Green","Golden State Warriors","12/1/2016",2016,2,1,0,"shot_yes","Running Layup Shot","2PT Field Goal",0,"Houston Rockets",0,3,23
"534","Draymond Green","Golden State Warriors","12/28/2016",2016,3,2,10,"shot_yes","Running Layup Shot","2PT Field Goal",0,"Toronto Raptors",-1,2,34
"535","Draymond Green","Golden State Warriors","11/4/2016",2016,3,3,17,"shot_yes","Running Layup Shot","2PT Field Goal",0,"Los Angeles Lakers",-8,1,33
"536","Draymond Green","Golden State Warriors","2/25/2017",2016,1,9,59,"shot_no","Running Layup Shot","2PT Field Goal",2,"Brooklyn Nets",-16,21,3
"537","Draymond Green","Golden State Warriors","12/1/2016",2016,1,5,22,"shot_yes","Running Layup Shot","2PT Field Goal",1,"Houston Rockets",9,16,7
"538","Draymond Green","Golden State Warriors","3/24/2017",2016,1,0,41,"shot_yes","Running Layup Shot","2PT Field Goal",0,"Sacramento Kings",9,3,12
"539","Draymond Green","Golden State Warriors","1/8/2017",2016,3,10,4,"shot_yes","Running Layup Shot","2PT Field Goal",2,"Sacramento Kings",-17,16,26
"540","Draymond Green","Golden State Warriors","1/2/2017",2016,3,1,55,"shot_no","Running Layup Shot","2PT Field Goal",1,"Denver Nuggets",2,13,35
"541","Draymond Green","Golden State Warriors","2/13/2017",2016,1,5,23,"shot_no","Running Layup Shot","2PT Field Goal",3,"Denver Nuggets",-30,2,7
"542","Draymond Green","Golden State Warriors","3/6/2017",2016,1,7,4,"shot_yes","Running Layup Shot","2PT Field Goal",1,"Atlanta Hawks",19,-1,5
"543","Draymond Green","Golden State Warriors","10/25/2016",2016,2,5,31,"shot_yes","Running Layup Shot","2PT Field Goal",2,"San Antonio Spurs",-6,21,19
"544","Draymond Green","Golden State Warriors","11/19/2016",2016,3,2,57,"shot_yes","Running Layup Shot","2PT Field Goal",1,"Milwaukee Bucks",-11,8,34
"545","Draymond Green","Golden State Warriors","12/5/2016",2016,1,10,5,"shot_no","Running Layup Shot","2PT Field Goal",2,"Indiana Pacers",22,18,2
"546","Draymond Green","Golden State Warriors","3/2/2017",2016,1,0,41,"shot_no","Step Back Jump shot","3PT Field Goal",25,"Chicago Bulls",-22,254,12
"547","Draymond Green","Golden State Warriors","1/18/2017",2016,2,4,34,"shot_no","Step Back Jump shot","2PT Field Goal",18,"Oklahoma City Thunder",94,159,20
"548","Draymond Green","Golden State Warriors","3/28/2017",2016,2,0,32,"shot_no","Tip Layup Shot","2PT Field Goal",0,"Houston Rockets",3,9,24
"549","Draymond Green","Golden State Warriors","3/28/2017",2016,2,0,32,"shot_yes","Tip Layup Shot","2PT Field Goal",0,"Houston Rockets",-2,3,24
"550","Draymond Green","Golden State Warriors","1/22/2017",2016,1,6,29,"shot_no","Tip Layup Shot","2PT Field Goal",0,"Orlando Magic",-6,5,6
"551","Draymond Green","Golden State Warriors","1/20/2017",2016,4,8,27,"shot_yes","Tip Layup Shot","2PT Field Goal",0,"Houston Rockets",6,3,40
"552","Draymond Green","Golden State Warriors","3/14/2017",2016,3,6,27,"shot_no","Tip Layup Shot","2PT Field Goal",1,"Philadelphia 76ers",-12,9,30
"553","Draymond Green","Golden State Warriors","12/15/2016",2016,3,9,18,"shot_no","Tip Layup Shot","2PT Field Goal",0,"New York Knicks",-1,9,27
"554","Draymond Green","Golden State Warriors","12/15/2016",2016,3,9,19,"shot_no","Tip Layup Shot","2PT Field Goal",0,"New York Knicks",1,8,27
"555","Draymond Green","Golden State Warriors","12/15/2016",2016,4,3,19,"shot_no","Tip Layup Shot","2PT Field Goal",1,"New York Knicks",0,18,45
"556","Draymond Green","Golden State Warriors","12/30/2016",2016,3,1,46,"shot_no","Tip Layup Shot","2PT Field Goal",1,"Dallas Mavericks",-17,3,35
"557","Draymond Green","Golden State Warriors","1/2/2017",2016,4,0,28,"shot_yes","Tip Layup Shot","2PT Field Goal",2,"Denver Nuggets",-4,21,48
"558","Draymond Green","Golden State Warriors","11/18/2016",2016,1,1,29,"shot_no","Tip Layup Shot","2PT Field Goal",1,"Boston Celtics",-1,11,11
"559","Draymond Green","Golden State Warriors","11/21/2016",2016,3,8,12,"shot_no","Tip Layup Shot","2PT Field Goal",1,"Indiana Pacers",5,14,28
"560","Draymond Green","Golden State Warriors","11/21/2016",2016,2,2,9,"shot_yes","Tip Layup Shot","2PT Field Goal",0,"Indiana Pacers",1,7,22
"561","Draymond Green","Golden State Warriors","11/3/2016",2016,1,3,8,"shot_no","Tip Layup Shot","2PT Field Goal",1,"Oklahoma City Thunder",-1,11,9
"562","Draymond Green","Golden State Warriors","11/3/2016",2016,1,3,7,"shot_no","Tip Layup Shot","2PT Field Goal",1,"Oklahoma City Thunder",-4,11,9
"563","Draymond Green","Golden State Warriors","10/25/2016",2016,3,5,6,"shot_no","Tip Layup Shot","2PT Field Goal",1,"San Antonio Spurs",-8,15,31
"564","Draymond Green","Golden State Warriors","11/7/2016",2016,4,3,51,"shot_no","Tip Layup Shot","2PT Field Goal",1,"New Orleans Pelicans",5,14,45
"565","Draymond Green","Golden State Warriors","10/28/2016",2016,2,5,51,"shot_no","Tip Layup Shot","2PT Field Goal",1,"New Orleans Pelicans",3,14,19
"566","Draymond Green","Golden State Warriors","12/10/2016",2016,2,2,18,"shot_yes","Tip Layup Shot","2PT Field Goal",1,"Memphis Grizzlies",4,13,22
"567","Draymond Green","Golden State Warriors","12/1/2016",2016,4,7,4,"shot_no","Tip Layup Shot","2PT Field Goal",2,"Houston Rockets",-2,26,41
"568","Draymond Green","Golden State Warriors","12/10/2016",2016,3,10,20,"shot_yes","Tip Layup Shot","2PT Field Goal",1,"Memphis Grizzlies",-7,11,26
"569","Draymond Green","Golden State Warriors","3/26/2017",2016,3,0,32,"shot_no","Tip Layup Shot","2PT Field Goal",2,"Memphis Grizzlies",-1,21,36
"570","Draymond Green","Golden State Warriors","12/5/2016",2016,3,9,57,"shot_no","Tip Layup Shot","2PT Field Goal",1,"Indiana Pacers",-1,16,27
"571","Draymond Green","Golden State Warriors","10/28/2016",2016,1,11,43,"shot_no","Tip Layup Shot","2PT Field Goal",1,"New Orleans Pelicans",-8,14,1
"572","Draymond Green","Golden State Warriors","3/26/2017",2016,4,1,16,"shot_no","Tip Layup Shot","2PT Field Goal",1,"Memphis Grizzlies",-10,14,47
"573","Draymond Green","Golden State Warriors","10/25/2016",2016,3,8,35,"shot_no","Tip Layup Shot","2PT Field Goal",0,"San Antonio Spurs",0,7,28
"574","Draymond Green","Golden State Warriors","3/14/2017",2016,1,2,24,"shot_no","Turnaround Bank shot","2PT Field Goal",13,"Philadelphia 76ers",114,80,10
"575","Draymond Green","Golden State Warriors","3/26/2017",2016,1,1,36,"shot_no","Turnaround Bank shot","2PT Field Goal",5,"Memphis Grizzlies",-7,51,11
"576","Draymond Green","Golden State Warriors","3/26/2017",2016,2,5,59,"shot_yes","Turnaround Jump Shot","2PT Field Goal",18,"Memphis Grizzlies",138,121,19
"577","Draymond Green","Golden State Warriors","3/29/2017",2016,2,7,37,"shot_yes","Turnaround Jump Shot","2PT Field Goal",5,"San Antonio Spurs",15,52,17
"578","Draymond Green","Golden State Warriors","3/20/2017",2016,3,5,34,"shot_no","Turnaround Jump Shot","2PT Field Goal",9,"Oklahoma City Thunder",56,77,31
